order_id,order_date,delivery_zone,distance_km,traffic_level,package_weight_kg,order_hour,delivery_minutes,transport_cost,on_time
ORD00000,2026-07-23,South,7.37,Medium,2.01,12,50.4,93.93,True
ORD00001,2026-06-28,Central,1.52,Medium,2.47,18,28.5,68.62,True
ORD00002,2026-07-05,West,10.32,Low,2.8,12,67.6,93.43,False
ORD00003,2026-07-24,East,9.1,Low,2.69,13,64.9,89.47,False
ORD00004,2026-06-01,North,11.74,Medium,3.34,16,64.6,109.95,True
ORD00005,2026-06-03,North,6.59,Low,3.49,8,41.7,87.35,True
ORD00006,2026-07-13,North,13.48,Medium,3.55,19,100.2,127.72,False
ORD00007,2026-07-20,Central,3.19,Low,4.19,17,16.6,76.31,True
ORD00008,2026-06-07,West,10.94,Medium,1.38,13,77.6,99.0,False
ORD00009,2026-06-09,West,8.76,High,1.43,8,64.0,82.28,True
ORD00010,2026-07-06,North,1.73,Low,5.08,13,29.0,53.41,True
ORD00011,2026-06-23,Central,6.65,Medium,1.79,9,45.2,82.15,True
ORD00012,2026-06-24,Central,6.21,Low,2.27,15,40.9,91.47,True
ORD00013,2026-06-10,North,8.16,Medium,2.11,18,80.3,91.34,False
ORD00014,2026-07-20,North,9.2,Medium,10.0,10,59.5,125.11,True
ORD00015,2026-07-25,North,10.55,Medium,1.19,17,63.2,91.19,True
ORD00016,2026-07-18,South,5.31,Medium,1.17,13,57.6,86.98,True
ORD00017,2026-06-12,East,6.41,High,2.48,13,52.2,60.97,True
ORD00018,2026-06-19,East,10.38,Low,2.16,11,52.7,104.33,True
ORD00019,2026-07-02,South,6.24,Low,0.89,12,30.5,83.16,True
ORD00020,2026-06-24,West,11.88,High,2.33,9,99.7,114.61,False
ORD00021,2026-06-22,North,4.93,Medium,2.53,17,42.5,65.88,True
ORD00022,2026-06-03,South,11.4,High,1.65,17,81.9,117.45,False
ORD00023,2026-07-10,South,9.89,Medium,2.22,15,43.6,90.5,True
ORD00024,2026-06-27,East,3.15,High,1.29,17,29.5,35.03,True
ORD00025,2026-06-19,Central,7.49,Medium,0.89,14,43.2,86.69,True
ORD00026,2026-06-09,North,6.8,Medium,1.78,17,59.4,69.71,True
ORD00027,2026-07-29,East,5.57,High,1.03,13,64.4,72.11,True
ORD00028,2026-07-21,East,8.6,Medium,0.73,14,38.4,87.5,True
ORD00029,2026-07-19,North,12.45,Low,0.35,19,74.9,115.5,False
ORD00030,2026-06-13,West,7.95,Low,2.95,8,31.7,91.36,True
ORD00031,2026-06-02,North,9.19,Low,1.73,12,45.0,103.59,True
ORD00032,2026-07-06,North,10.29,Low,5.1,14,57.2,109.84,True
ORD00033,2026-06-29,Central,6.08,Low,1.85,8,42.4,86.66,True
ORD00034,2026-06-11,Central,4.53,Medium,2.94,9,40.7,57.18,True
ORD00035,2026-07-04,Central,2.9,Medium,1.46,16,43.7,69.05,True
ORD00036,2026-06-04,South,7.52,Medium,2.42,19,64.4,113.65,True
ORD00037,2026-06-04,North,9.26,Medium,0.36,10,55.3,92.99,True
ORD00038,2026-07-22,West,7.78,Low,1.76,13,42.1,106.82,True
ORD00039,2026-06-01,East,0.5,Low,1.19,14,24.8,60.19,True
ORD00040,2026-06-25,North,10.31,Low,4.76,16,40.0,113.15,True
ORD00041,2026-06-26,East,10.71,Medium,2.8,12,96.6,111.96,False
ORD00042,2026-06-11,North,1.91,Low,4.31,11,32.8,50.76,True
ORD00043,2026-06-23,Central,0.97,Low,5.49,18,47.7,50.37,True
ORD00044,2026-06-02,South,11.86,Medium,1.64,19,89.0,116.76,False
ORD00045,2026-06-19,West,17.17,High,2.71,9,118.8,133.37,False
ORD00046,2026-06-29,South,10.06,Low,0.94,10,46.0,109.37,True
ORD00047,2026-07-10,East,5.82,Medium,3.26,12,52.1,83.5,True
ORD00048,2026-07-25,East,7.45,Medium,3.61,18,54.0,101.77,True
ORD00049,2026-07-22,North,13.12,High,3.11,20,78.2,126.19,False
ORD00050,2026-06-04,Central,2.06,High,1.64,9,29.5,58.36,True
ORD00051,2026-07-27,West,8.6,Low,7.79,20,50.7,121.61,True
ORD00052,2026-06-16,Central,2.55,Low,2.53,11,17.3,63.3,True
ORD00053,2026-07-17,Central,1.14,High,0.94,8,15.0,52.18,True
ORD00054,2026-07-07,East,8.37,Medium,3.85,11,54.3,85.38,True
ORD00055,2026-06-27,Central,8.87,Medium,4.85,14,48.5,99.61,True
ORD00056,2026-06-05,North,9.97,Medium,0.96,19,77.0,126.61,False
ORD00057,2026-06-15,North,8.24,Medium,2.03,10,43.0,94.59,True
ORD00058,2026-06-23,North,8.12,High,0.65,17,62.0,64.94,True
ORD00059,2026-07-19,South,5.31,High,5.63,15,40.9,67.63,True
ORD00060,2026-06-03,South,12.65,Medium,2.31,13,82.0,121.02,False
ORD00061,2026-06-18,South,9.77,Low,1.2,13,41.2,92.25,True
ORD00062,2026-07-13,Central,3.46,High,4.89,8,37.9,63.34,True
ORD00063,2026-06-26,South,19.58,Low,2.47,12,117.1,189.16,False
ORD00064,2026-06-06,South,10.9,Low,4.45,10,65.9,115.09,True
ORD00065,2026-07-29,East,5.74,High,3.41,17,52.6,91.51,True
ORD00066,2026-07-14,North,7.72,Low,1.06,8,24.9,87.64,True
ORD00067,2026-07-24,Central,7.45,Low,1.6,15,47.3,81.58,True
ORD00068,2026-07-28,North,9.34,Low,1.23,14,48.0,82.17,True
ORD00069,2026-06-17,Central,0.5,High,0.88,14,15.4,46.18,True
ORD00070,2026-07-16,West,13.76,Medium,0.49,19,105.3,93.35,False
ORD00071,2026-07-08,North,7.0,Medium,8.82,17,58.7,122.96,True
ORD00072,2026-07-12,North,14.62,Low,3.07,17,80.9,139.74,False
ORD00073,2026-07-18,Central,7.24,High,3.4,17,46.9,98.76,True
ORD00074,2026-07-20,West,9.66,High,5.27,11,62.7,115.0,True
ORD00075,2026-06-27,West,14.84,Low,1.58,20,55.0,118.3,True
ORD00076,2026-06-20,West,11.2,Medium,0.7,18,78.7,110.58,False
ORD00077,2026-06-06,North,11.56,Low,4.18,13,84.1,132.87,False
ORD00078,2026-07-21,South,11.45,High,0.82,20,73.2,102.15,False
ORD00079,2026-07-05,North,6.46,Medium,4.11,16,41.6,97.15,True
ORD00080,2026-06-12,Central,2.07,High,0.6,10,30.3,49.53,True
ORD00081,2026-07-18,West,14.09,Low,0.77,16,67.7,130.22,True
ORD00082,2026-06-03,South,9.0,High,1.45,11,47.6,84.25,True
ORD00083,2026-07-18,North,7.79,High,4.01,12,87.1,112.86,False
ORD00084,2026-06-04,South,7.13,Medium,7.13,14,47.3,109.87,True
ORD00085,2026-07-27,South,11.27,High,3.39,13,103.7,127.48,False
ORD00086,2026-07-22,West,17.19,Medium,1.5,17,99.5,143.36,False
ORD00087,2026-07-15,West,7.8,Low,4.71,15,43.4,112.25,True
ORD00088,2026-06-04,Central,4.07,Medium,0.58,15,20.3,53.84,True
ORD00089,2026-06-04,East,12.24,Medium,1.11,15,55.3,103.5,True
ORD00090,2026-07-09,North,8.76,Medium,2.66,10,54.1,119.38,True
ORD00091,2026-06-21,West,12.36,Low,4.28,17,56.6,99.83,True
ORD00092,2026-07-14,West,7.81,Medium,2.12,13,63.3,125.57,True
ORD00093,2026-06-02,East,9.28,Low,1.94,14,43.6,106.92,True
ORD00094,2026-06-16,West,10.44,Medium,2.03,16,70.6,102.6,False
ORD00095,2026-06-07,East,10.96,Medium,5.24,17,66.5,127.14,True
ORD00096,2026-06-19,East,11.56,Medium,1.3,17,50.4,119.04,True
ORD00097,2026-07-13,East,15.77,Low,1.04,19,93.3,132.88,False
ORD00098,2026-07-03,North,10.74,Medium,2.01,11,77.1,132.67,False
ORD00099,2026-06-09,North,9.98,Low,5.73,12,67.2,136.63,True
ORD00100,2026-07-07,North,9.58,Low,1.43,15,49.1,131.02,True
ORD00101,2026-07-28,West,9.94,High,2.03,8,65.1,88.48,False
ORD00102,2026-06-17,South,11.02,High,0.57,19,97.6,106.58,False
ORD00103,2026-06-27,East,7.11,Medium,2.1,13,62.8,68.42,True
ORD00104,2026-07-03,Central,4.51,High,2.96,11,51.8,58.62,True
ORD00105,2026-07-19,South,13.95,High,0.82,12,125.7,120.22,False
ORD00106,2026-06-12,South,6.98,High,5.24,18,88.5,93.68,False
ORD00107,2026-07-27,West,14.42,Low,2.93,12,83.6,140.47,False
ORD00108,2026-07-15,South,13.95,High,1.63,9,83.7,126.2,False
ORD00109,2026-07-26,North,8.65,Medium,2.95,15,45.5,108.19,True
ORD00110,2026-06-11,South,3.63,Low,3.54,9,40.4,72.32,True
ORD00111,2026-06-13,North,7.18,Low,0.41,11,46.5,98.14,True
ORD00112,2026-07-01,Central,7.89,Medium,3.03,19,51.1,103.96,True
ORD00113,2026-06-13,Central,3.93,Low,5.6,20,32.1,64.93,True
ORD00114,2026-07-08,West,8.0,Low,1.28,12,50.9,85.64,True
ORD00115,2026-06-26,Central,2.49,Low,1.65,8,18.8,52.15,True
ORD00116,2026-07-01,Central,6.52,High,1.89,13,55.5,85.61,True
ORD00117,2026-06-22,North,10.64,High,4.31,9,71.4,130.17,False
ORD00118,2026-06-06,Central,3.28,Low,0.96,12,23.1,58.76,True
ORD00119,2026-06-20,East,6.9,High,3.42,13,60.2,96.15,True
ORD00120,2026-06-21,Central,2.82,High,1.91,18,45.2,42.77,True
ORD00121,2026-06-10,Central,1.23,High,7.35,15,32.1,63.37,True
ORD00122,2026-06-19,South,14.85,Low,2.0,16,61.0,111.95,False
ORD00123,2026-07-05,North,8.03,Medium,0.2,20,32.1,88.36,True
ORD00124,2026-06-26,South,13.65,High,3.89,19,120.9,145.17,False
ORD00125,2026-06-07,East,12.56,Medium,3.3,13,96.0,109.7,False
ORD00126,2026-07-07,Central,6.99,Low,2.84,12,43.6,89.3,True
ORD00127,2026-06-08,Central,2.71,Medium,5.49,19,27.6,69.41,True
ORD00128,2026-06-05,North,10.21,Medium,0.48,11,57.0,118.65,True
ORD00129,2026-07-14,East,7.93,Medium,1.13,9,51.9,75.54,True
ORD00130,2026-07-06,South,7.29,Low,2.41,9,25.0,98.52,True
ORD00131,2026-07-21,South,10.97,Low,2.73,14,63.9,126.51,True
ORD00132,2026-06-28,North,5.46,High,2.15,12,49.0,72.2,True
ORD00133,2026-07-20,South,13.56,High,0.58,14,86.0,124.11,False
ORD00134,2026-06-03,Central,2.61,Low,1.67,20,34.6,66.88,True
ORD00135,2026-07-09,South,10.6,High,7.01,18,104.5,115.17,False
ORD00136,2026-06-08,East,8.85,Low,0.92,8,53.1,86.26,True
ORD00137,2026-06-15,West,10.22,Medium,2.37,8,72.6,108.64,False
ORD00138,2026-07-23,South,11.76,High,3.43,12,96.7,145.61,False
ORD00139,2026-06-27,Central,2.58,High,4.22,9,40.9,59.67,True
ORD00140,2026-07-19,Central,6.61,High,3.87,15,65.8,86.02,True
ORD00141,2026-07-21,South,5.96,Low,1.57,10,32.8,93.91,True
ORD00142,2026-07-06,East,8.38,High,1.12,8,59.4,97.12,True
ORD00143,2026-06-16,South,15.82,Low,7.39,20,58.4,190.04,True
ORD00144,2026-06-26,South,7.0,Medium,4.51,9,55.3,107.55,True
ORD00145,2026-07-15,North,6.97,Medium,2.55,17,26.5,84.24,True
ORD00146,2026-07-14,West,12.54,Medium,6.13,17,81.7,133.81,False
ORD00147,2026-06-04,East,8.54,Low,0.71,14,31.8,78.59,True
ORD00148,2026-06-12,North,10.05,High,0.21,13,102.9,80.56,False
ORD00149,2026-06-17,South,11.47,Low,2.7,19,72.5,119.97,False
ORD00150,2026-07-28,Central,5.9,Low,2.8,15,45.0,87.66,True
ORD00151,2026-07-11,South,13.33,Medium,0.64,14,64.7,128.3,True
ORD00152,2026-07-14,North,10.23,Medium,4.4,17,51.7,113.49,True
ORD00153,2026-06-26,East,7.28,High,0.33,20,40.8,101.84,True
ORD00154,2026-07-01,Central,6.02,Medium,3.15,15,52.2,66.04,True
ORD00155,2026-06-15,South,15.7,Low,3.68,10,74.6,129.84,False
ORD00156,2026-07-22,West,10.6,High,2.68,13,104.3,100.33,False
ORD00157,2026-07-04,West,8.08,Medium,0.55,20,51.5,84.88,True
ORD00158,2026-06-29,South,13.32,Low,5.45,14,68.0,126.31,False
ORD00159,2026-06-09,West,10.64,Medium,1.61,17,58.7,122.08,True
ORD00160,2026-06-14,South,3.48,Medium,1.62,18,40.0,50.57,True
ORD00161,2026-07-06,West,13.54,Medium,1.36,8,66.0,112.73,True
ORD00162,2026-06-04,West,9.39,Medium,3.97,8,55.7,120.4,True
ORD00163,2026-07-29,East,7.73,High,1.55,14,83.1,89.23,False
ORD00164,2026-07-08,North,10.0,High,0.84,20,70.6,107.92,True
ORD00165,2026-07-26,Central,4.57,Medium,4.76,18,31.1,79.14,True
ORD00166,2026-07-07,South,12.13,Low,2.33,20,53.1,121.88,True
ORD00167,2026-07-30,North,7.69,High,4.87,10,53.7,83.26,True
ORD00168,2026-06-24,North,10.54,Medium,2.46,10,62.8,107.06,True
ORD00169,2026-06-17,East,7.22,Medium,1.28,12,51.4,69.74,True
ORD00170,2026-06-13,West,13.22,Medium,0.4,18,90.7,141.04,False
ORD00171,2026-06-20,North,10.85,High,2.71,13,94.7,127.4,False
ORD00172,2026-06-17,East,5.19,Medium,1.89,9,40.3,63.85,True
ORD00173,2026-07-21,South,13.26,Low,4.08,10,56.9,130.82,True
ORD00174,2026-06-27,West,9.39,Medium,1.49,13,74.2,95.38,False
ORD00175,2026-07-25,North,11.42,High,3.22,10,96.3,143.63,False
ORD00176,2026-07-03,West,12.1,Low,2.39,12,62.6,123.46,True
ORD00177,2026-06-21,South,15.51,High,1.19,16,106.5,130.71,False
ORD00178,2026-06-17,Central,3.33,Medium,1.59,19,16.5,60.08,True
ORD00179,2026-06-22,North,7.95,Medium,0.69,10,47.0,66.14,True
ORD00180,2026-06-25,South,9.94,Low,7.73,19,69.9,126.2,True
ORD00181,2026-06-03,North,8.09,Low,3.17,18,48.7,82.93,True
ORD00182,2026-06-27,Central,6.4,High,0.65,20,36.2,52.16,True
ORD00183,2026-06-27,Central,0.5,Low,7.47,20,24.5,88.46,True
ORD00184,2026-07-16,South,6.84,High,0.91,13,80.3,77.95,False
ORD00185,2026-06-12,West,7.8,Medium,1.47,18,60.9,77.59,True
ORD00186,2026-06-15,Central,6.85,Low,2.0,12,52.4,62.56,True
ORD00187,2026-07-08,East,13.13,Low,2.43,12,85.5,122.91,False
ORD00188,2026-06-20,East,7.69,Medium,4.01,18,83.9,95.02,False
ORD00189,2026-06-22,South,9.49,High,0.3,13,79.2,102.15,False
ORD00190,2026-06-02,North,9.21,Medium,2.46,13,63.8,88.75,True
ORD00191,2026-06-04,Central,7.49,Medium,1.92,8,45.9,80.32,True
ORD00192,2026-07-15,Central,1.22,Low,2.75,18,28.4,38.37,True
ORD00193,2026-06-13,West,11.72,Medium,1.84,16,47.2,111.26,True
ORD00194,2026-07-25,South,12.93,Medium,1.65,12,97.3,97.03,False
ORD00195,2026-07-02,South,11.5,High,2.19,8,81.2,104.32,False
ORD00196,2026-07-29,West,11.57,Medium,7.2,15,66.8,142.99,True
ORD00197,2026-06-22,Central,7.0,Medium,1.68,14,49.4,67.87,True
ORD00198,2026-06-25,Central,0.5,Low,5.29,14,29.5,67.46,True
ORD00199,2026-06-27,West,13.03,High,2.66,12,125.4,136.37,False
ORD00200,2026-07-25,West,9.04,Low,2.57,8,46.9,111.02,True
ORD00201,2026-06-17,North,3.51,Low,2.77,16,31.9,64.38,True
ORD00202,2026-06-06,North,10.53,Medium,3.42,18,82.4,111.7,False
ORD00203,2026-07-13,Central,8.12,Medium,1.79,16,60.6,94.14,True
ORD00204,2026-07-21,West,10.59,Medium,5.05,15,67.6,135.87,True
ORD00205,2026-06-16,North,11.86,Medium,3.43,12,93.0,136.24,False
ORD00206,2026-06-08,North,13.84,High,0.75,10,98.2,103.14,False
ORD00207,2026-07-03,West,14.94,Low,0.2,15,78.7,117.49,False
ORD00208,2026-06-10,North,13.92,High,7.05,8,93.8,137.44,False
ORD00209,2026-07-04,North,11.23,Medium,2.83,10,77.8,123.58,False
ORD00210,2026-06-19,East,8.23,Medium,0.67,19,83.4,78.13,False
ORD00211,2026-06-14,West,6.19,Medium,1.68,18,48.7,74.88,True
ORD00212,2026-06-03,West,10.26,Low,4.51,14,51.1,136.14,True
ORD00213,2026-07-25,South,7.47,High,2.09,11,54.5,100.79,True
ORD00214,2026-07-26,West,17.51,Medium,2.24,14,95.6,169.76,False
ORD00215,2026-07-11,South,9.47,Low,3.95,19,46.9,99.56,True
ORD00216,2026-06-23,South,10.37,Medium,3.04,18,74.7,76.91,False
ORD00217,2026-07-10,West,12.65,High,3.61,20,85.6,122.67,False
ORD00218,2026-06-11,West,11.13,Medium,3.92,12,81.2,101.53,False
ORD00219,2026-07-17,Central,9.09,High,1.32,13,82.7,71.27,False
ORD00220,2026-06-06,West,9.13,Low,1.43,14,41.9,108.91,True
ORD00221,2026-07-04,East,8.58,Low,1.18,20,50.0,80.05,True
ORD00222,2026-06-01,North,6.77,Low,1.49,17,42.6,70.6,True
ORD00223,2026-07-05,South,6.04,Medium,2.17,19,66.2,73.98,False
ORD00224,2026-06-25,South,8.16,Low,2.29,14,49.9,112.45,True
ORD00225,2026-06-29,South,9.89,Low,6.01,14,44.5,117.58,True
ORD00226,2026-06-23,Central,2.71,High,2.93,14,31.6,71.35,True
ORD00227,2026-06-18,South,7.92,High,2.2,18,75.5,86.95,False
ORD00228,2026-06-14,Central,0.5,Medium,0.96,20,20.2,18.32,True
ORD00229,2026-06-17,West,10.75,Low,1.88,20,60.2,93.5,True
ORD00230,2026-06-02,Central,0.5,Low,7.41,14,26.2,64.33,True
ORD00231,2026-07-01,East,10.28,Low,7.33,10,57.5,128.9,True
ORD00232,2026-06-19,East,8.25,Medium,1.86,19,65.2,97.93,True
ORD00233,2026-07-02,East,3.63,High,0.46,10,41.7,62.03,True
ORD00234,2026-07-24,North,8.07,Medium,1.66,14,45.9,100.24,True
ORD00235,2026-06-28,West,8.74,Low,6.05,9,38.0,103.01,True
ORD00236,2026-07-11,South,10.96,Medium,2.18,9,68.1,132.31,False
ORD00237,2026-06-08,North,13.02,Low,3.95,10,64.0,154.25,True
ORD00238,2026-07-12,West,5.37,Medium,2.38,11,50.6,68.68,True
ORD00239,2026-07-11,North,9.35,Medium,0.61,13,50.7,83.78,True
ORD00240,2026-07-29,Central,3.52,Medium,2.44,20,31.5,41.71,True
ORD00241,2026-07-29,Central,6.01,Low,4.32,15,39.9,89.29,True
ORD00242,2026-07-10,Central,4.64,Low,1.48,17,19.4,71.8,True
ORD00243,2026-07-09,South,7.74,High,4.24,17,61.1,91.19,True
ORD00244,2026-06-22,North,8.04,Low,2.56,14,53.0,96.42,True
ORD00245,2026-06-24,Central,1.61,Low,4.09,11,41.3,41.0,True
ORD00246,2026-07-08,East,11.23,Low,3.07,9,62.2,127.49,True
ORD00247,2026-06-02,Central,4.06,Low,1.02,9,26.5,54.33,True
ORD00248,2026-07-11,Central,9.7,Medium,1.89,11,67.5,104.48,True
ORD00249,2026-07-11,Central,3.82,High,1.84,13,53.4,65.07,True
ORD00250,2026-06-19,South,7.87,Low,1.42,10,37.9,63.62,True
ORD00251,2026-07-11,South,5.46,Medium,2.89,13,45.3,87.63,True
ORD00252,2026-06-02,Central,0.5,Medium,8.28,12,25.7,58.61,True
ORD00253,2026-06-28,South,5.25,Medium,5.05,12,42.7,87.75,True
ORD00254,2026-07-02,North,9.8,High,5.51,9,71.9,99.93,False
ORD00255,2026-06-19,East,9.53,High,1.34,15,72.2,91.8,False
ORD00256,2026-06-16,Central,0.5,Low,5.57,12,31.7,61.0,True
ORD00257,2026-06-30,West,13.69,High,6.83,18,123.7,134.69,False
ORD00258,2026-06-22,East,6.55,Medium,1.31,9,54.8,65.79,True
ORD00259,2026-06-14,North,9.44,High,3.32,14,75.2,106.81,False
ORD00260,2026-07-22,West,15.84,Medium,3.38,20,90.2,145.12,False
ORD00261,2026-07-26,Central,6.69,High,2.0,16,46.2,86.08,True
ORD00262,2026-06-01,North,8.19,High,2.73,16,77.0,90.32,False
ORD00263,2026-07-15,East,5.33,Low,3.5,8,40.3,87.02,True
ORD00264,2026-07-24,Central,0.5,Medium,2.11,14,16.7,35.31,True
ORD00265,2026-06-02,West,8.84,High,4.89,16,64.4,115.18,True
ORD00266,2026-06-22,West,10.37,High,0.76,13,92.3,89.69,False
ORD00267,2026-07-16,West,8.04,Low,1.84,8,34.6,82.65,True
ORD00268,2026-07-03,South,9.61,Medium,4.01,9,67.3,118.05,True
ORD00269,2026-06-15,South,10.23,Low,7.72,11,48.9,122.75,True
ORD00270,2026-07-20,Central,3.33,Low,5.1,11,33.6,58.98,True
ORD00271,2026-07-11,Central,2.05,Medium,2.68,9,22.9,75.34,True
ORD00272,2026-06-22,Central,4.51,Low,2.19,15,37.2,68.07,True
ORD00273,2026-07-10,Central,5.33,High,1.92,9,52.5,78.34,True
ORD00274,2026-07-09,East,4.73,Low,1.93,10,27.1,41.7,True
ORD00275,2026-07-11,East,12.23,High,0.39,11,81.7,127.13,False
ORD00276,2026-07-11,Central,3.7,Low,7.51,16,23.6,117.37,True
ORD00277,2026-06-11,West,11.06,Low,2.32,17,66.5,126.52,True
ORD00278,2026-06-04,West,13.12,Low,1.24,8,66.9,137.13,True
ORD00279,2026-06-07,Central,4.7,Low,3.28,15,22.5,69.42,True
ORD00280,2026-06-21,Central,6.86,Low,1.32,19,40.2,83.15,True
ORD00281,2026-06-07,South,10.86,Low,4.58,12,67.6,125.69,False
ORD00282,2026-06-04,South,8.16,Medium,1.27,14,50.7,80.02,True
ORD00283,2026-06-12,North,10.08,Low,4.13,15,46.3,111.41,True
ORD00284,2026-07-28,East,4.57,Medium,1.9,12,34.5,55.67,True
ORD00285,2026-06-27,North,9.33,Medium,2.98,15,60.2,98.39,True
ORD00286,2026-07-29,East,7.9,High,4.35,17,76.7,109.71,False
ORD00287,2026-06-17,East,7.38,High,1.57,18,73.3,63.35,False
ORD00288,2026-06-20,South,9.61,Medium,4.28,15,57.4,121.91,True
ORD00289,2026-07-01,East,2.35,Low,0.42,16,19.8,28.14,True
ORD00290,2026-06-26,North,7.35,Low,6.48,9,36.9,105.65,True
ORD00291,2026-07-01,North,9.28,High,4.79,10,65.4,112.15,True
ORD00292,2026-07-05,Central,4.48,Low,2.25,8,40.9,75.44,True
ORD00293,2026-06-09,South,6.92,Low,5.38,11,26.5,95.39,True
ORD00294,2026-06-05,North,12.8,Low,5.01,12,78.4,121.69,False
ORD00295,2026-07-22,East,5.4,Low,2.42,18,42.1,77.49,True
ORD00296,2026-07-18,West,13.91,Low,2.4,8,63.1,156.55,True
ORD00297,2026-06-08,North,10.28,High,1.11,15,78.0,101.32,False
ORD00298,2026-06-21,West,9.06,Low,2.51,9,47.2,88.86,True
ORD00299,2026-06-16,North,14.33,Medium,0.59,8,71.6,119.99,False
ORD00300,2026-07-21,North,5.42,Low,4.1,9,31.6,84.25,True
ORD00301,2026-06-16,East,10.76,Low,4.16,20,64.4,114.17,True
ORD00302,2026-06-18,East,11.0,High,0.42,12,107.6,98.38,False
ORD00303,2026-07-17,West,8.99,Low,6.07,16,73.5,129.85,True
ORD00304,2026-07-26,West,15.18,High,1.45,16,96.9,140.95,False
ORD00305,2026-06-28,Central,3.25,Medium,12.93,9,37.6,104.01,True
ORD00306,2026-06-18,East,8.87,Low,2.86,9,50.1,98.31,True
ORD00307,2026-06-14,South,10.78,High,6.11,10,83.8,127.82,False
ORD00308,2026-07-26,Central,3.6,Low,1.07,14,32.8,64.6,True
ORD00309,2026-07-18,South,12.43,High,1.89,18,118.5,134.14,False
ORD00310,2026-07-07,East,10.38,Low,1.56,10,54.9,99.08,True
ORD00311,2026-07-10,North,3.75,High,0.58,8,44.7,44.91,True
ORD00312,2026-06-16,North,12.91,Low,0.76,13,83.4,110.45,False
ORD00313,2026-06-21,Central,0.5,Medium,2.19,10,29.3,31.94,True
ORD00314,2026-06-01,Central,7.1,High,3.2,8,39.0,71.26,True
ORD00315,2026-07-30,West,14.38,High,0.97,20,96.2,144.47,False
ORD00316,2026-06-11,South,6.73,High,1.8,11,46.2,91.54,True
ORD00317,2026-06-11,North,7.77,High,1.32,20,67.2,58.63,False
ORD00318,2026-06-02,North,5.68,High,2.3,8,30.2,79.21,True
ORD00319,2026-07-02,South,9.36,Low,3.88,8,61.0,102.58,True
ORD00320,2026-07-24,East,7.08,Low,2.61,19,42.7,81.0,True
ORD00321,2026-06-19,West,13.34,Low,1.5,9,50.6,93.17,True
ORD00322,2026-07-26,West,14.93,Medium,4.9,17,85.4,147.33,False
ORD00323,2026-06-05,South,14.19,Medium,3.12,15,74.5,136.24,False
ORD00324,2026-06-03,Central,2.31,Medium,2.67,9,41.8,42.13,True
ORD00325,2026-06-28,West,10.37,Low,0.98,18,73.5,121.01,True
ORD00326,2026-06-26,East,2.95,Medium,4.55,9,28.2,77.78,True
ORD00327,2026-06-23,West,8.58,Low,3.35,18,65.5,87.06,True
ORD00328,2026-06-30,South,12.89,Low,3.48,18,72.2,140.71,False
ORD00329,2026-06-08,South,14.85,Medium,2.03,17,74.6,129.44,False
ORD00330,2026-07-06,South,6.3,High,1.75,17,56.9,90.94,True
ORD00331,2026-06-29,West,9.22,Medium,7.54,15,73.3,104.3,False
ORD00332,2026-06-13,North,8.92,Medium,1.73,19,65.3,97.29,False
ORD00333,2026-07-29,North,9.84,Low,0.81,13,57.1,82.77,True
ORD00334,2026-06-25,North,6.57,Medium,2.77,19,58.7,74.3,True
ORD00335,2026-06-22,North,10.27,Low,2.4,18,56.5,83.67,True
ORD00336,2026-07-16,Central,2.58,Medium,5.05,11,43.8,53.16,True
ORD00337,2026-07-03,West,10.96,Medium,2.15,10,55.7,95.36,True
ORD00338,2026-07-07,East,9.64,Low,3.8,8,45.0,92.23,True
ORD00339,2026-07-23,North,9.02,Low,6.35,18,76.5,117.56,False
ORD00340,2026-06-07,East,6.69,High,3.21,10,56.6,65.78,True
ORD00341,2026-06-23,East,7.67,High,1.03,19,90.1,87.77,False
ORD00342,2026-06-06,North,8.73,Medium,3.28,16,53.2,112.62,True
ORD00343,2026-06-15,East,6.89,Low,1.83,12,68.0,71.8,True
ORD00344,2026-06-15,South,9.22,Low,2.91,20,52.6,101.16,True
ORD00345,2026-07-10,West,15.8,Medium,2.41,13,103.6,138.77,False
ORD00346,2026-07-04,West,12.68,High,0.79,12,106.3,110.82,False
ORD00347,2026-06-14,North,8.11,Low,2.14,8,31.7,61.06,True
ORD00348,2026-06-29,South,12.09,High,0.98,17,71.1,99.18,False
ORD00349,2026-06-16,West,10.0,Low,1.62,8,43.5,119.33,True
ORD00350,2026-06-29,East,11.52,High,4.54,11,74.7,127.83,False
ORD00351,2026-06-23,Central,5.11,Medium,2.56,10,18.4,71.06,True
ORD00352,2026-06-10,West,10.68,High,3.64,18,107.1,90.45,False
ORD00353,2026-07-17,North,10.34,Low,2.71,15,57.3,115.73,True
ORD00354,2026-07-25,North,4.29,Medium,1.93,19,44.6,55.03,True
ORD00355,2026-06-04,West,7.62,Low,2.92,19,43.3,76.94,True
ORD00356,2026-06-12,North,5.42,Low,0.49,14,46.1,53.63,True
ORD00357,2026-07-12,East,8.43,High,4.11,18,82.3,108.18,False
ORD00358,2026-07-04,Central,9.2,High,1.21,14,59.7,94.01,True
ORD00359,2026-06-04,East,14.69,High,3.48,15,100.6,150.5,False
ORD00360,2026-06-20,South,11.91,Medium,1.87,17,68.0,128.8,True
ORD00361,2026-06-28,West,12.5,High,0.79,14,63.9,105.71,True
ORD00362,2026-06-28,East,2.6,Low,1.39,17,24.6,52.21,True
ORD00363,2026-06-06,East,6.37,Low,3.49,9,40.2,82.44,True
ORD00364,2026-06-14,Central,1.64,Low,9.16,11,27.3,62.77,True
ORD00365,2026-07-25,South,8.14,Medium,2.3,18,54.4,77.94,True
ORD00366,2026-07-05,Central,3.5,Medium,8.46,13,34.3,86.28,True
ORD00367,2026-07-17,Central,2.58,Low,0.49,10,27.9,48.17,True
ORD00368,2026-07-28,North,3.06,Medium,1.99,10,36.0,57.6,True
ORD00369,2026-06-01,North,11.24,High,2.3,13,99.6,112.1,False
ORD00370,2026-06-19,North,5.78,Medium,3.62,8,46.1,72.99,True
ORD00371,2026-07-27,North,9.72,Low,1.44,8,44.0,124.67,True
ORD00372,2026-06-01,North,15.22,Low,3.12,12,79.8,144.83,False
ORD00373,2026-06-13,West,8.24,Low,2.07,8,45.4,85.36,True
ORD00374,2026-06-08,North,1.41,Low,5.54,17,16.4,67.26,True
ORD00375,2026-06-18,South,9.14,Medium,2.77,15,71.2,90.84,False
ORD00376,2026-07-24,Central,7.3,Medium,12.24,9,47.3,129.2,True
ORD00377,2026-07-05,North,14.88,Medium,2.08,13,106.2,140.23,False
ORD00378,2026-06-23,Central,0.5,Medium,5.3,17,24.1,62.12,True
ORD00379,2026-07-20,South,11.49,High,6.46,17,85.1,116.73,False
ORD00380,2026-07-22,North,7.6,Low,0.13,12,61.1,116.32,True
ORD00381,2026-06-26,West,10.68,Medium,4.07,17,42.4,130.71,True
ORD00382,2026-07-11,West,18.93,High,2.02,19,164.7,185.94,False
ORD00383,2026-07-08,Central,0.5,Low,0.9,19,16.0,33.96,True
ORD00384,2026-06-20,West,11.76,Low,5.61,11,63.5,132.97,False
ORD00385,2026-06-02,Central,5.4,High,1.51,8,46.5,71.9,True
ORD00386,2026-06-26,South,13.26,Low,0.46,10,57.3,111.54,True
ORD00387,2026-07-27,North,9.29,Medium,2.82,20,47.1,111.35,True
ORD00388,2026-07-06,West,11.92,Low,6.17,19,69.8,122.82,True
ORD00389,2026-06-25,Central,2.83,Medium,0.91,11,52.8,60.56,True
ORD00390,2026-06-30,Central,4.81,Low,4.45,9,40.0,73.96,True
ORD00391,2026-06-18,South,8.97,Low,0.33,19,64.0,94.48,False
ORD00392,2026-06-07,South,11.86,Medium,6.47,9,68.7,151.83,True
ORD00393,2026-06-27,West,9.89,Low,3.26,9,43.4,106.39,True
ORD00394,2026-06-11,South,11.13,Medium,0.83,18,87.0,115.2,False
ORD00395,2026-07-07,Central,3.91,Low,4.17,8,16.9,66.84,True
ORD00396,2026-06-08,Central,7.38,Low,1.59,17,35.2,70.46,True
ORD00397,2026-06-11,East,7.85,Low,1.11,9,38.5,105.6,True
ORD00398,2026-06-24,West,5.68,Low,1.56,13,49.7,82.45,True
ORD00399,2026-06-30,West,14.79,High,3.88,10,103.0,140.79,False
ORD00400,2026-06-30,North,6.28,Low,1.04,17,32.5,83.56,True
ORD00401,2026-07-22,Central,2.04,Medium,0.19,12,30.0,31.85,True
ORD00402,2026-07-22,East,6.21,Low,1.62,8,34.2,82.5,True
ORD00403,2026-06-15,Central,8.12,Low,5.76,15,55.9,109.6,True
ORD00404,2026-07-26,South,3.59,High,5.71,20,42.7,85.14,True
ORD00405,2026-07-05,Central,13.41,Low,1.56,11,73.5,143.44,False
ORD00406,2026-07-09,South,13.17,High,1.51,16,86.1,139.31,False
ORD00407,2026-06-24,North,9.67,Low,1.43,11,57.3,82.19,True
ORD00408,2026-06-08,Central,3.84,Medium,1.38,9,33.2,36.78,True
ORD00409,2026-07-13,North,9.86,Medium,1.46,10,52.0,103.15,True
ORD00410,2026-07-12,South,11.56,High,2.93,12,127.1,119.5,False
ORD00411,2026-06-20,Central,5.94,Medium,5.86,19,66.5,79.56,False
ORD00412,2026-07-11,Central,5.67,Medium,1.04,17,41.6,59.67,True
ORD00413,2026-07-17,East,8.27,Low,1.23,20,48.9,79.67,True
ORD00414,2026-06-26,West,10.41,Low,3.18,20,43.1,127.03,True
ORD00415,2026-07-22,East,7.55,High,4.04,13,68.5,90.35,False
ORD00416,2026-06-24,South,9.42,Low,0.59,14,54.7,75.63,True
ORD00417,2026-06-22,South,13.4,Medium,7.34,11,78.9,147.16,False
ORD00418,2026-06-05,West,12.78,High,1.88,14,85.3,120.94,False
ORD00419,2026-06-15,West,2.18,Low,0.65,17,20.4,34.51,True
ORD00420,2026-07-06,Central,5.97,High,0.56,10,49.3,78.23,True
ORD00421,2026-07-07,Central,4.58,Medium,0.52,14,32.6,75.63,True
ORD00422,2026-06-29,North,8.94,Medium,5.23,11,41.7,105.84,True
ORD00423,2026-06-15,East,6.83,High,2.57,20,66.3,67.17,True
ORD00424,2026-06-27,North,12.37,Low,5.27,20,59.5,129.27,True
ORD00425,2026-07-19,East,10.84,Low,2.22,15,66.8,113.42,True
ORD00426,2026-07-25,East,5.68,Medium,5.17,16,30.2,62.75,True
ORD00427,2026-06-08,Central,5.22,Low,2.17,14,20.0,78.83,True
ORD00428,2026-07-30,South,7.09,Medium,3.61,15,46.2,86.71,True
ORD00429,2026-07-27,North,4.86,High,2.34,15,51.8,71.95,True
ORD00430,2026-06-29,North,7.12,Medium,2.07,9,37.1,81.5,True
ORD00431,2026-06-19,West,13.59,Low,1.14,16,49.7,114.06,True
ORD00432,2026-07-01,West,13.86,High,3.97,13,127.9,135.43,False
ORD00433,2026-06-09,North,10.54,Medium,0.92,18,74.9,96.26,False
ORD00434,2026-06-10,North,11.18,Medium,3.97,11,70.2,115.02,True
ORD00435,2026-07-07,West,12.55,Medium,2.66,12,88.6,112.17,False
ORD00436,2026-06-10,North,7.08,High,4.04,17,61.0,99.4,True
ORD00437,2026-07-24,Central,5.3,Medium,2.84,12,59.9,91.19,True
ORD00438,2026-07-03,West,13.4,High,5.56,14,84.3,129.98,False
ORD00439,2026-06-25,North,11.26,High,3.37,16,89.5,115.96,False
ORD00440,2026-07-27,North,12.57,Low,2.7,14,44.6,109.88,True
ORD00441,2026-07-24,Central,6.12,Medium,0.16,16,45.5,75.14,True
ORD00442,2026-07-26,South,11.05,High,5.71,11,92.8,128.53,False
ORD00443,2026-06-04,South,13.21,Medium,0.52,17,66.3,111.1,False
ORD00444,2026-07-23,Central,3.92,High,0.72,17,42.3,57.51,True
ORD00445,2026-06-05,Central,1.35,High,4.31,11,23.2,67.29,True
ORD00446,2026-06-23,Central,3.51,Medium,2.5,13,42.9,44.03,True
ORD00447,2026-07-09,West,8.77,Medium,0.54,15,34.0,73.74,True
ORD00448,2026-07-25,South,7.97,High,1.51,16,61.3,95.16,True
ORD00449,2026-06-05,North,8.57,High,5.51,8,70.8,109.48,True
ORD00450,2026-07-22,West,8.62,Medium,2.77,8,64.7,96.84,False
ORD00451,2026-06-08,East,7.08,Low,2.55,20,47.9,98.02,True
ORD00452,2026-06-17,East,2.32,Medium,1.35,15,24.8,59.2,True
ORD00453,2026-06-01,Central,4.64,Medium,4.42,18,49.0,99.3,True
ORD00454,2026-07-24,North,9.0,Medium,2.27,14,43.4,108.8,True
ORD00455,2026-07-20,East,5.55,Medium,3.86,16,55.5,88.59,True
ORD00456,2026-06-12,North,10.98,Medium,1.23,18,85.8,105.87,False
ORD00457,2026-07-05,East,10.81,Medium,9.19,10,55.2,137.15,True
ORD00458,2026-07-22,North,4.18,Low,6.2,17,37.2,83.15,True
ORD00459,2026-06-14,North,6.71,Medium,2.75,19,59.7,87.85,True
ORD00460,2026-07-18,North,6.69,Medium,3.21,12,51.3,72.5,True
ORD00461,2026-06-18,West,8.18,Low,1.52,10,43.6,92.72,True
ORD00462,2026-06-10,West,13.49,Low,4.08,12,72.9,131.89,False
ORD00463,2026-07-25,East,7.42,Medium,0.22,17,34.9,83.43,True
ORD00464,2026-06-15,Central,3.21,Medium,7.26,8,31.4,74.4,True
ORD00465,2026-07-12,South,3.99,Low,3.91,18,38.5,64.43,True
ORD00466,2026-07-03,South,11.91,High,1.02,11,88.3,114.44,False
ORD00467,2026-06-19,Central,0.5,Medium,7.14,13,26.3,68.97,True
ORD00468,2026-07-04,South,10.18,High,8.68,9,87.4,125.38,False
ORD00469,2026-07-15,Central,4.83,Medium,3.34,20,44.0,91.27,True
ORD00470,2026-06-25,North,13.08,Medium,1.25,14,62.5,136.03,True
ORD00471,2026-06-16,Central,0.5,High,2.58,15,25.7,25.1,True
ORD00472,2026-06-08,North,0.5,Medium,3.69,8,26.5,39.42,True
ORD00473,2026-07-05,Central,4.55,Medium,3.14,20,51.3,74.17,True
ORD00474,2026-06-21,East,13.4,Low,1.02,11,62.3,125.84,True
ORD00475,2026-06-19,Central,7.72,Medium,3.65,18,54.1,121.08,True
ORD00476,2026-07-16,North,9.63,Low,5.46,11,47.4,117.21,True
ORD00477,2026-06-11,East,6.53,Low,0.81,20,22.0,74.42,True
ORD00478,2026-07-14,Central,6.42,Low,0.9,12,48.8,61.86,True
ORD00479,2026-06-11,East,5.08,Low,1.47,19,52.6,50.17,True
ORD00480,2026-07-30,West,12.43,High,2.11,19,92.9,118.05,False
ORD00481,2026-06-11,West,12.52,Low,4.5,11,73.6,154.95,False
ORD00482,2026-06-22,East,11.18,Medium,5.42,16,71.5,122.9,False
ORD00483,2026-06-21,West,19.28,High,1.2,14,112.6,151.08,False
ORD00484,2026-06-27,East,9.18,Medium,2.91,20,58.4,107.3,True
ORD00485,2026-06-18,Central,2.47,Low,5.27,9,20.4,44.14,True
ORD00486,2026-07-12,North,8.92,Medium,9.54,8,66.1,129.02,True
ORD00487,2026-07-18,South,4.69,Medium,2.9,16,38.2,82.58,True
ORD00488,2026-07-10,Central,1.92,Medium,3.01,8,28.9,43.72,True
ORD00489,2026-07-08,Central,2.77,High,3.36,13,32.5,78.56,True
ORD00490,2026-06-30,East,6.43,High,1.93,9,45.9,87.8,True
ORD00491,2026-07-21,West,11.46,Medium,2.73,11,69.7,132.47,False
ORD00492,2026-07-15,South,7.53,Low,0.3,13,45.1,63.71,True
ORD00493,2026-07-17,North,12.36,Medium,1.53,12,89.9,114.62,False
ORD00494,2026-07-15,East,8.0,Low,3.6,18,58.4,108.19,True
ORD00495,2026-07-03,South,9.97,High,1.14,13,90.4,81.63,False
ORD00496,2026-06-21,East,7.02,Low,4.57,10,51.7,106.16,True
ORD00497,2026-07-30,North,9.47,Low,0.44,12,56.4,91.22,True
ORD00498,2026-07-29,Central,6.48,High,4.45,9,53.4,102.05,True
ORD00499,2026-06-02,Central,1.4,Medium,4.44,14,20.6,60.35,True
ORD00500,2026-06-13,West,9.03,Medium,9.65,10,71.5,146.13,True
ORD00501,2026-06-02,East,7.09,Medium,1.87,8,40.9,68.43,True
ORD00502,2026-07-27,South,5.96,High,2.5,15,60.2,83.2,True
ORD00503,2026-07-13,Central,1.54,Low,6.8,15,28.7,50.45,True
ORD00504,2026-07-15,West,9.57,High,6.23,10,95.4,123.41,False
ORD00505,2026-07-01,North,11.62,Low,5.04,20,52.5,130.65,True
ORD00506,2026-06-10,Central,4.79,High,3.22,14,54.8,71.22,True
ORD00507,2026-06-23,Central,4.58,High,6.68,16,51.3,78.43,True
ORD00508,2026-06-22,Central,6.55,Low,11.9,15,44.9,118.67,True
ORD00509,2026-07-17,West,10.59,Medium,3.85,10,67.5,116.16,True
ORD00510,2026-06-29,West,12.17,Low,2.6,20,60.6,123.44,True
ORD00511,2026-07-03,South,9.69,Medium,4.18,9,57.3,133.73,True
ORD00512,2026-07-01,Central,4.8,Medium,2.87,20,41.5,83.71,True
ORD00513,2026-06-14,Central,2.25,Medium,2.01,17,35.9,46.04,True
ORD00514,2026-06-10,North,1.68,Low,4.58,14,29.5,67.13,True
ORD00515,2026-06-18,North,8.6,Low,1.66,14,41.0,103.43,True
ORD00516,2026-06-11,South,14.27,Low,3.79,16,61.0,130.79,True
ORD00517,2026-07-09,Central,6.78,Low,0.57,12,45.3,84.88,True
ORD00518,2026-07-17,Central,6.9,Medium,7.48,11,60.8,88.4,True
ORD00519,2026-06-03,North,12.71,High,1.28,15,79.5,109.67,False
ORD00520,2026-06-02,East,8.27,Medium,0.7,11,53.3,69.58,True
ORD00521,2026-07-24,South,10.59,Medium,6.08,11,53.3,121.85,True
ORD00522,2026-06-08,Central,2.15,High,6.86,19,43.7,67.08,True
ORD00523,2026-07-01,Central,3.05,Medium,3.17,19,42.3,58.39,True
ORD00524,2026-06-08,Central,5.85,High,2.32,9,65.6,87.54,True
ORD00525,2026-07-13,East,11.61,Medium,1.91,20,72.8,114.58,False
ORD00526,2026-07-18,South,9.58,Low,3.05,8,45.8,114.69,True
ORD00527,2026-06-02,South,8.65,Low,2.42,11,33.1,115.9,True
ORD00528,2026-06-22,North,9.0,Medium,2.2,14,59.0,122.89,True
ORD00529,2026-07-30,Central,5.8,Low,1.16,19,39.7,70.92,True
ORD00530,2026-06-05,Central,0.5,Low,0.88,16,20.2,43.36,True
ORD00531,2026-06-07,Central,0.5,Medium,2.67,16,14.3,42.61,True
ORD00532,2026-06-20,Central,2.35,Medium,2.98,19,30.6,69.95,True
ORD00533,2026-06-28,East,4.34,Medium,1.35,17,20.9,73.7,True
ORD00534,2026-06-13,West,9.48,Low,1.53,8,38.6,90.09,True
ORD00535,2026-06-02,Central,3.56,Medium,2.97,12,29.5,59.43,True
ORD00536,2026-07-02,Central,2.64,Medium,1.14,14,34.2,68.58,True
ORD00537,2026-06-26,South,14.36,High,5.17,20,92.2,138.45,False
ORD00538,2026-06-03,East,8.98,Medium,3.68,14,67.4,102.49,True
ORD00539,2026-07-11,North,9.9,High,1.34,17,63.8,108.09,True
ORD00540,2026-07-12,Central,5.87,High,3.55,13,80.4,81.06,False
ORD00541,2026-07-26,West,7.58,Medium,1.16,18,44.9,102.57,True
ORD00542,2026-06-13,South,13.12,Low,4.45,17,65.3,146.35,True
ORD00543,2026-07-27,West,10.77,Medium,1.2,11,61.4,94.45,True
ORD00544,2026-06-21,West,13.01,Medium,2.28,10,61.9,117.12,True
ORD00545,2026-07-15,South,6.78,Medium,2.8,19,53.2,92.91,True
ORD00546,2026-07-07,North,4.34,Medium,6.79,20,38.4,86.1,True
ORD00547,2026-06-23,West,13.45,Medium,1.28,16,74.4,99.54,True
ORD00548,2026-06-07,East,9.13,Low,1.23,19,49.8,82.86,True
ORD00549,2026-06-17,West,8.29,Medium,0.61,20,53.6,89.28,True
ORD00550,2026-06-28,East,5.39,Low,8.15,17,42.2,109.96,True
ORD00551,2026-07-17,Central,7.38,High,2.57,11,64.2,99.6,True
ORD00552,2026-06-30,East,4.43,Low,5.26,15,28.1,104.45,True
ORD00553,2026-06-05,East,12.93,Low,1.55,20,54.8,112.24,True
ORD00554,2026-06-24,Central,1.3,Medium,1.67,8,33.8,37.73,True
ORD00555,2026-06-07,South,11.92,Medium,2.41,14,60.0,117.27,True
ORD00556,2026-07-29,North,8.01,Medium,2.47,19,53.3,72.35,True
ORD00557,2026-07-04,North,10.81,Low,4.07,13,62.9,117.32,True
ORD00558,2026-07-26,West,9.37,Medium,2.63,20,42.7,99.59,True
ORD00559,2026-07-20,West,10.51,Low,1.85,19,77.5,115.6,True
ORD00560,2026-07-12,West,11.12,High,8.25,8,82.3,148.49,False
ORD00561,2026-07-03,North,5.99,High,1.15,11,46.7,78.07,True
ORD00562,2026-07-29,North,11.22,Medium,1.28,19,87.7,108.36,False
ORD00563,2026-06-27,North,7.46,Low,1.16,12,43.9,87.73,True
ORD00564,2026-06-14,South,9.31,Medium,4.18,18,72.1,98.58,False
ORD00565,2026-07-29,East,5.02,Low,3.47,15,28.9,76.19,True
ORD00566,2026-06-19,South,2.31,Medium,2.21,11,13.0,54.52,True
ORD00567,2026-07-18,East,7.43,Low,1.11,10,40.4,82.04,True
ORD00568,2026-07-21,Central,11.24,High,2.79,9,87.4,112.71,False
ORD00569,2026-07-08,South,12.35,Low,4.6,11,60.2,122.16,True
ORD00570,2026-06-12,East,7.94,Medium,6.98,18,76.3,98.63,False
ORD00571,2026-06-03,Central,3.21,Medium,1.49,17,21.2,54.67,True
ORD00572,2026-06-07,South,10.07,Medium,2.2,20,53.3,111.81,True
ORD00573,2026-07-26,West,12.64,Low,3.45,11,48.9,105.81,True
ORD00574,2026-07-05,Central,0.5,High,1.83,20,22.7,34.97,True
ORD00575,2026-06-25,Central,7.34,Medium,0.72,17,43.8,105.58,True
ORD00576,2026-07-19,North,11.15,Medium,2.21,12,79.5,109.42,False
ORD00577,2026-06-15,Central,6.15,Low,0.81,20,40.9,75.22,True
ORD00578,2026-06-19,East,9.32,Medium,4.87,14,55.3,133.07,True
ORD00579,2026-07-30,South,10.06,Medium,1.95,16,67.6,107.41,True
ORD00580,2026-06-19,East,10.02,Low,2.38,9,51.6,109.22,True
ORD00581,2026-06-23,Central,5.78,Low,1.31,12,39.4,62.12,True
ORD00582,2026-06-11,East,6.94,High,2.46,18,58.1,89.18,True
ORD00583,2026-07-29,South,8.28,Low,5.88,17,53.3,108.33,True
ORD00584,2026-06-21,West,11.31,Low,5.24,16,59.2,136.59,True
ORD00585,2026-07-22,South,14.65,Medium,0.94,19,104.0,144.48,False
ORD00586,2026-07-04,North,5.28,High,0.07,20,46.7,65.0,True
ORD00587,2026-07-09,North,4.6,Low,2.22,10,27.9,73.79,True
ORD00588,2026-07-21,North,9.49,Medium,1.96,8,55.4,77.27,True
ORD00589,2026-06-07,North,9.15,Low,1.87,9,42.7,70.52,True
ORD00590,2026-07-12,North,9.52,Low,1.58,13,69.4,111.63,True
ORD00591,2026-07-14,West,11.73,Low,0.92,12,66.4,80.18,True
ORD00592,2026-07-25,North,8.33,High,10.08,8,66.5,130.41,True
ORD00593,2026-06-27,South,14.47,Low,8.14,8,80.8,156.16,False
ORD00594,2026-07-20,Central,0.5,Low,1.8,18,28.9,55.59,True
ORD00595,2026-06-23,East,5.51,Medium,2.76,11,42.9,77.01,True
ORD00596,2026-07-08,West,10.69,High,4.93,19,100.8,141.82,False
ORD00597,2026-07-28,North,4.07,Low,2.75,11,28.0,65.56,True
ORD00598,2026-06-20,North,8.47,Medium,1.69,13,65.9,105.93,True
ORD00599,2026-06-27,North,13.98,Low,0.73,13,71.5,105.99,False
ORD00600,2026-07-23,North,9.06,Medium,2.52,17,59.3,71.87,True
ORD00601,2026-07-30,South,10.69,Medium,0.82,13,91.4,102.6,False
ORD00602,2026-06-08,North,5.22,Medium,5.62,8,47.4,70.72,True
ORD00603,2026-07-07,North,7.15,Low,2.44,17,31.7,86.01,True
ORD00604,2026-06-03,North,7.87,Low,3.65,16,47.9,91.56,True
ORD00605,2026-06-02,East,7.05,Low,1.92,18,50.2,91.13,True
ORD00606,2026-06-22,North,12.84,Medium,4.47,14,76.9,119.49,False
ORD00607,2026-06-06,South,11.67,Low,1.47,14,47.4,117.14,True
ORD00608,2026-07-09,East,4.67,High,3.11,18,54.0,83.76,True
ORD00609,2026-07-10,West,11.74,High,1.86,14,88.0,111.65,False
ORD00610,2026-07-06,North,10.49,High,2.09,9,65.8,112.73,True
ORD00611,2026-07-14,Central,7.42,High,4.89,9,57.2,87.03,True
ORD00612,2026-06-24,West,15.74,Medium,1.3,13,105.8,133.19,False
ORD00613,2026-06-12,North,5.95,Medium,3.26,14,51.3,66.29,True
ORD00614,2026-06-17,Central,1.57,Low,6.07,10,35.9,93.75,True
ORD00615,2026-06-22,Central,0.5,Medium,4.76,20,8.0,67.99,True
ORD00616,2026-07-24,North,8.3,Medium,1.5,11,59.1,110.16,True
ORD00617,2026-06-19,South,11.4,Medium,3.59,19,94.8,133.75,False
ORD00618,2026-06-09,Central,6.96,High,0.45,10,62.3,69.19,True
ORD00619,2026-06-12,West,10.77,Low,5.0,14,50.7,102.6,True
ORD00620,2026-07-30,North,8.04,Low,11.88,14,52.0,127.07,True
ORD00621,2026-07-02,North,9.46,High,3.13,11,57.3,110.31,True
ORD00622,2026-07-23,South,7.49,Low,6.27,20,29.1,101.57,True
ORD00623,2026-07-01,East,14.27,Medium,0.7,14,72.2,98.87,False
ORD00624,2026-06-17,West,6.18,High,1.02,12,63.8,83.4,True
ORD00625,2026-06-23,South,10.55,Medium,1.91,8,62.4,87.45,True
ORD00626,2026-06-10,East,14.07,Medium,2.21,17,82.5,125.67,False
ORD00627,2026-06-30,West,11.02,Low,3.15,11,78.2,135.79,False
ORD00628,2026-06-19,North,8.43,Low,1.51,14,40.5,91.73,True
ORD00629,2026-06-26,South,8.93,High,2.78,20,58.2,112.63,True
ORD00630,2026-06-26,West,10.46,Medium,4.88,9,68.2,122.64,True
ORD00631,2026-06-11,Central,8.12,Medium,3.58,9,54.5,85.7,True
ORD00632,2026-06-20,East,1.36,Low,1.86,8,16.8,55.43,True
ORD00633,2026-07-24,East,12.6,Low,4.23,9,67.3,128.91,True
ORD00634,2026-07-26,North,4.73,High,1.8,17,36.2,50.46,True
ORD00635,2026-07-15,East,7.2,Medium,2.67,15,46.9,68.17,True
ORD00636,2026-06-04,East,6.71,Medium,4.71,18,58.7,98.01,True
ORD00637,2026-07-17,South,11.77,Low,2.16,15,47.4,141.24,True
ORD00638,2026-06-12,South,5.21,Medium,0.81,15,23.9,54.32,True
ORD00639,2026-06-25,South,11.39,High,2.61,8,81.6,103.49,False
ORD00640,2026-07-26,North,15.07,Medium,4.74,8,93.9,152.66,False
ORD00641,2026-07-28,South,5.91,Low,5.04,19,54.7,73.82,True
ORD00642,2026-06-10,North,9.57,Medium,0.98,17,64.1,124.56,True
ORD00643,2026-06-22,South,8.01,High,4.11,11,56.7,88.97,True
ORD00644,2026-06-07,North,10.28,Medium,2.06,13,78.8,99.47,False
ORD00645,2026-06-24,Central,4.06,High,6.55,15,32.9,74.23,True
ORD00646,2026-06-02,East,6.08,Medium,0.83,20,42.5,84.19,True
ORD00647,2026-07-02,West,12.46,High,4.06,9,98.4,154.01,False
ORD00648,2026-06-21,Central,9.41,Medium,1.89,20,67.6,90.68,True
ORD00649,2026-06-07,East,7.43,Low,1.53,10,56.7,95.1,True
ORD00650,2026-06-08,North,11.16,Low,4.85,13,78.2,107.23,False
ORD00651,2026-07-23,East,4.12,Low,5.38,17,37.9,90.89,True
ORD00652,2026-07-21,East,5.13,High,0.31,11,50.2,85.75,True
ORD00653,2026-07-08,West,12.42,High,4.91,19,120.4,148.76,False
ORD00654,2026-06-21,East,12.45,Medium,2.37,9,63.0,122.49,True
ORD00655,2026-06-08,North,10.07,Low,2.56,14,37.9,93.79,True
ORD00656,2026-07-27,South,9.06,Low,0.79,11,51.9,92.22,True
ORD00657,2026-06-25,South,10.0,High,3.87,15,90.4,107.51,False
ORD00658,2026-06-28,West,7.25,Medium,10.24,15,63.8,114.76,True
ORD00659,2026-06-28,East,9.81,Low,1.61,14,33.1,103.03,True
ORD00660,2026-07-24,South,12.65,Medium,5.73,17,69.8,135.47,False
ORD00661,2026-07-01,Central,2.64,Low,2.49,16,24.6,66.14,True
ORD00662,2026-07-22,West,9.59,Low,1.66,11,32.7,107.88,True
ORD00663,2026-07-06,South,10.8,Medium,0.64,14,49.6,102.12,True
ORD00664,2026-06-25,North,7.69,Low,6.28,17,46.2,111.55,True
ORD00665,2026-07-22,North,8.8,High,2.72,17,68.0,114.49,True
ORD00666,2026-07-26,South,16.3,Low,1.74,19,82.0,136.87,False
ORD00667,2026-07-11,North,8.26,Low,1.98,8,32.2,92.19,True
ORD00668,2026-07-07,North,7.92,Low,4.09,11,54.4,86.35,True
ORD00669,2026-07-08,South,8.06,High,1.73,9,57.7,95.4,True
ORD00670,2026-07-21,North,11.23,Medium,1.1,16,61.0,110.01,True
ORD00671,2026-06-12,Central,3.46,Medium,2.29,12,33.3,67.61,True
ORD00672,2026-07-07,North,7.05,Low,2.23,10,33.8,73.34,True
ORD00673,2026-07-07,East,11.96,Low,2.19,11,66.1,126.15,False
ORD00674,2026-07-01,South,14.26,Medium,1.75,13,92.9,131.26,False
ORD00675,2026-06-18,Central,2.2,High,5.86,17,34.8,81.26,True
ORD00676,2026-06-26,North,3.4,High,12.67,8,47.5,100.06,True
ORD00677,2026-06-06,South,13.02,Low,0.98,14,42.2,126.95,True
ORD00678,2026-06-09,Central,1.95,Medium,0.25,15,25.3,49.04,True
ORD00679,2026-06-11,Central,6.37,High,2.07,14,39.6,98.41,True
ORD00680,2026-07-01,Central,0.5,Medium,0.29,14,22.5,33.07,True
ORD00681,2026-07-25,South,12.68,High,0.58,16,75.1,108.18,False
ORD00682,2026-07-16,North,5.37,Low,1.63,20,38.1,65.8,True
ORD00683,2026-07-26,West,13.19,High,4.07,11,87.8,119.54,False
ORD00684,2026-06-02,Central,4.04,High,2.05,14,33.9,58.85,True
ORD00685,2026-07-29,East,5.14,High,0.17,16,44.8,36.03,True
ORD00686,2026-06-29,East,6.78,Medium,2.03,12,44.9,99.01,True
ORD00687,2026-07-16,South,12.06,Medium,2.15,9,67.0,140.62,False
ORD00688,2026-07-27,West,11.32,High,2.18,12,109.9,110.95,False
ORD00689,2026-07-21,North,10.75,Low,5.29,11,63.6,127.37,True
ORD00690,2026-07-12,South,15.93,Low,4.7,15,67.4,155.25,True
ORD00691,2026-06-05,East,3.31,Medium,2.64,12,34.6,46.83,True
ORD00692,2026-06-23,East,12.85,High,8.98,16,82.9,163.57,False
ORD00693,2026-07-06,South,10.31,High,1.63,16,66.9,117.99,False
ORD00694,2026-06-07,North,6.3,Low,2.26,10,25.2,67.97,True
ORD00695,2026-07-26,West,7.01,High,2.45,20,59.3,89.81,True
ORD00696,2026-06-13,South,9.43,Medium,0.63,17,61.7,90.81,True
ORD00697,2026-07-12,East,10.76,Low,2.49,13,62.3,124.71,True
ORD00698,2026-06-10,North,8.62,Medium,0.51,13,57.3,87.16,True
ORD00699,2026-07-06,East,12.53,Low,1.42,11,59.1,116.76,True
ORD00700,2026-06-16,East,3.65,Low,2.73,18,27.4,87.02,True
ORD00701,2026-06-15,North,8.96,High,0.75,20,70.0,75.99,False
ORD00702,2026-07-23,South,6.24,Medium,3.2,17,60.0,86.99,True
ORD00703,2026-07-13,North,10.09,Medium,1.23,10,51.3,101.82,True
ORD00704,2026-06-19,North,11.66,High,1.86,8,74.5,106.36,False
ORD00705,2026-06-21,Central,2.74,Medium,3.61,19,23.2,87.44,True
ORD00706,2026-07-26,South,2.19,High,2.34,14,30.6,58.08,True
ORD00707,2026-07-05,Central,4.6,Medium,3.14,12,45.9,81.13,True
ORD00708,2026-06-15,South,11.31,High,3.45,17,78.2,127.78,False
ORD00709,2026-07-18,West,12.21,Low,2.31,14,56.8,115.24,True
ORD00710,2026-06-14,West,14.71,High,3.27,8,90.3,154.23,False
ORD00711,2026-06-29,East,4.79,Low,1.4,15,18.6,79.48,True
ORD00712,2026-06-05,East,10.04,Low,3.58,10,45.0,108.84,True
ORD00713,2026-07-28,South,13.58,High,2.08,14,75.8,138.25,False
ORD00714,2026-07-19,South,4.66,Medium,5.97,19,41.7,100.27,True
ORD00715,2026-06-18,Central,4.96,Medium,2.78,10,41.2,83.45,True
ORD00716,2026-07-21,Central,2.49,Medium,1.58,10,27.6,42.78,True
ORD00717,2026-06-01,Central,3.76,Medium,3.62,17,20.4,68.51,True
ORD00718,2026-06-27,North,10.04,Low,6.14,16,62.3,126.77,True
ORD00719,2026-07-30,West,9.54,Low,1.7,20,45.8,102.16,True
ORD00720,2026-06-27,Central,1.97,Low,1.47,9,12.5,40.06,True
ORD00721,2026-06-25,North,9.1,Medium,0.09,11,50.1,86.11,True
ORD00722,2026-07-11,North,5.74,Low,2.77,13,39.1,83.16,True
ORD00723,2026-06-21,West,7.74,Medium,1.92,10,42.4,70.28,True
ORD00724,2026-06-14,East,10.04,Medium,3.61,19,83.9,110.64,False
ORD00725,2026-07-22,Central,0.55,Low,3.67,17,12.0,57.37,True
ORD00726,2026-07-23,North,11.0,Medium,0.66,17,63.0,107.66,True
ORD00727,2026-06-20,Central,5.39,High,4.68,14,38.7,74.39,True
ORD00728,2026-06-28,North,3.82,Low,1.29,14,28.4,52.09,True
ORD00729,2026-06-21,North,6.97,Medium,1.71,12,59.6,100.31,True
ORD00730,2026-06-23,North,12.58,Medium,3.21,10,73.0,114.02,False
ORD00731,2026-06-11,Central,1.06,Medium,0.92,9,21.1,54.96,True
ORD00732,2026-07-26,West,9.61,Medium,1.48,11,54.7,91.2,True
ORD00733,2026-06-02,East,9.39,Medium,0.84,20,46.5,108.1,True
ORD00734,2026-06-20,South,12.35,Medium,4.97,11,63.4,137.64,False
ORD00735,2026-06-24,Central,3.25,Low,1.83,18,33.9,54.6,True
ORD00736,2026-07-25,South,8.21,Medium,0.76,15,39.9,65.34,True
ORD00737,2026-06-25,Central,8.27,Medium,0.81,15,38.4,91.92,True
ORD00738,2026-07-07,East,13.22,Low,4.42,20,73.6,136.65,False
ORD00739,2026-06-22,South,12.94,Medium,1.19,12,89.6,124.05,False
ORD00740,2026-07-29,East,8.26,High,1.68,20,66.8,97.19,True
ORD00741,2026-06-24,South,7.58,Medium,2.57,13,68.9,74.26,True
ORD00742,2026-06-15,West,8.51,Medium,1.94,15,52.9,98.17,True
ORD00743,2026-06-12,East,9.57,High,0.37,8,64.4,102.65,True
ORD00744,2026-07-16,South,11.26,Medium,3.89,12,82.0,128.27,False
ORD00745,2026-07-01,Central,8.2,Medium,2.06,11,64.3,76.95,True
ORD00746,2026-07-13,South,11.95,High,3.12,11,79.0,134.64,False
ORD00747,2026-07-01,East,3.49,High,4.1,18,47.5,75.05,True
ORD00748,2026-07-23,Central,7.16,Medium,0.27,9,50.5,84.31,True
ORD00749,2026-06-30,West,8.01,Medium,4.12,17,54.8,88.59,True
ORD00750,2026-07-11,North,7.85,Medium,11.13,8,68.6,136.84,True
ORD00751,2026-06-20,Central,4.75,High,3.36,13,51.8,54.3,True
ORD00752,2026-06-08,West,16.99,Medium,6.03,14,97.7,155.56,False
ORD00753,2026-07-14,South,19.33,Low,4.85,12,92.6,191.21,False
ORD00754,2026-06-30,North,10.82,High,4.02,15,89.1,125.72,False
ORD00755,2026-07-05,Central,3.45,Medium,4.97,16,43.8,76.8,True
ORD00756,2026-06-21,West,12.6,Low,5.56,18,75.1,146.6,False
ORD00757,2026-07-17,East,10.66,Medium,5.71,18,86.9,135.45,False
ORD00758,2026-07-10,Central,3.04,Medium,0.81,9,35.7,62.24,True
ORD00759,2026-07-28,Central,9.39,High,5.18,18,83.9,110.15,False
ORD00760,2026-06-28,North,9.69,Low,2.03,20,47.1,90.98,True
ORD00761,2026-07-09,South,11.49,High,5.85,11,73.5,121.32,False
ORD00762,2026-06-17,South,12.0,Medium,3.58,18,97.9,139.95,False
ORD00763,2026-06-12,West,12.26,Low,0.8,16,61.7,97.77,True
ORD00764,2026-07-22,North,11.52,High,6.4,12,107.5,137.63,False
ORD00765,2026-07-20,East,6.15,Medium,1.3,10,38.8,81.33,True
ORD00766,2026-06-18,West,9.33,Low,1.95,13,57.7,116.42,True
ORD00767,2026-07-17,Central,0.7,Medium,7.42,10,18.9,71.59,True
ORD00768,2026-07-25,South,11.32,High,2.79,12,102.9,110.21,False
ORD00769,2026-06-28,Central,6.34,Low,1.88,10,29.0,74.2,True
ORD00770,2026-07-30,North,10.37,Low,2.36,13,71.3,107.27,True
ORD00771,2026-06-03,Central,9.02,Low,1.85,19,66.6,110.01,True
ORD00772,2026-07-21,North,8.98,Low,4.41,17,56.2,116.59,True
ORD00773,2026-06-15,South,12.01,High,1.9,12,99.0,102.99,False
ORD00774,2026-06-16,Central,0.72,Medium,2.42,16,19.0,48.22,True
ORD00775,2026-06-22,North,7.84,Low,3.8,10,48.9,106.81,True
ORD00776,2026-07-24,South,12.09,Low,3.5,13,79.1,120.42,False
ORD00777,2026-07-19,West,13.55,Low,1.39,15,45.2,97.98,True
ORD00778,2026-07-01,West,10.12,High,4.45,14,80.9,112.1,False
ORD00779,2026-07-01,West,10.79,Low,1.63,13,55.2,89.13,True
ORD00780,2026-06-01,West,6.45,High,1.0,9,49.9,56.38,True
ORD00781,2026-06-11,East,6.93,Medium,0.41,14,54.3,89.54,True
ORD00782,2026-06-06,South,12.67,Low,2.17,15,66.9,151.73,True
ORD00783,2026-06-23,South,11.73,High,0.52,8,90.0,124.77,False
ORD00784,2026-06-09,North,10.5,Medium,1.23,16,51.5,72.1,True
ORD00785,2026-07-22,Central,4.15,Medium,2.47,11,28.4,65.27,True
ORD00786,2026-06-16,East,8.02,High,5.48,15,60.2,98.08,True
ORD00787,2026-07-28,South,8.02,Low,2.0,17,41.7,72.87,True
ORD00788,2026-07-08,East,10.1,Low,0.65,14,49.8,103.94,True
ORD00789,2026-07-14,Central,5.26,Medium,2.3,20,49.6,71.65,True
ORD00790,2026-06-19,North,10.48,Low,5.33,17,47.0,106.51,True
ORD00791,2026-07-15,East,6.42,Low,1.96,14,32.7,55.3,True
ORD00792,2026-06-13,East,1.54,Low,6.12,9,38.0,58.41,True
ORD00793,2026-07-29,West,14.29,Low,2.46,8,54.2,133.32,True
ORD00794,2026-07-02,North,7.56,High,4.13,11,66.5,95.09,False
ORD00795,2026-07-06,Central,1.41,Low,2.95,19,23.9,64.32,True
ORD00796,2026-06-09,Central,6.08,Medium,5.92,9,49.9,98.44,True
ORD00797,2026-07-16,East,6.82,Medium,9.37,15,47.2,109.57,True
ORD00798,2026-07-16,West,14.18,Medium,1.7,17,81.5,119.5,False
ORD00799,2026-07-19,Central,5.85,Low,2.82,14,31.6,58.62,True
ORD00800,2026-07-07,West,13.05,High,5.47,15,80.7,124.71,False
ORD00801,2026-07-01,North,4.9,Low,3.02,18,44.1,90.85,True
ORD00802,2026-07-01,East,11.64,High,0.39,13,84.0,117.65,False
ORD00803,2026-07-29,West,11.78,High,1.98,8,76.7,118.38,False
ORD00804,2026-07-25,East,6.89,Medium,3.01,20,49.3,81.51,True
ORD00805,2026-06-19,West,11.43,Medium,7.03,20,76.3,148.71,False
ORD00806,2026-06-02,Central,0.5,Medium,2.71,19,30.7,32.5,True
ORD00807,2026-07-15,Central,5.23,Medium,1.15,16,52.2,56.8,True
ORD00808,2026-07-02,East,4.91,High,3.06,13,67.5,73.66,True
ORD00809,2026-07-13,North,4.94,High,6.56,19,61.4,63.48,True
ORD00810,2026-07-04,Central,0.5,Low,1.48,20,27.2,26.99,True
ORD00811,2026-06-01,Central,7.34,Medium,1.65,17,48.8,81.79,True
ORD00812,2026-06-21,North,7.11,High,1.5,8,60.8,76.99,True
ORD00813,2026-06-03,Central,8.6,High,0.74,8,57.8,77.16,True
ORD00814,2026-06-27,Central,2.39,Medium,2.61,15,31.5,80.94,True
ORD00815,2026-07-14,East,2.88,Medium,2.39,13,30.6,75.1,True
ORD00816,2026-06-07,East,4.65,Low,0.44,15,29.0,82.65,True
ORD00817,2026-07-03,South,13.71,High,1.24,15,94.7,123.12,False
ORD00818,2026-06-09,North,8.53,Low,2.88,18,73.1,91.69,True
ORD00819,2026-06-30,South,8.36,Medium,4.07,15,57.4,120.62,True
ORD00820,2026-06-18,Central,4.48,Low,4.87,17,34.6,80.6,True
ORD00821,2026-07-26,North,10.51,Low,4.3,14,46.7,103.62,True
ORD00822,2026-06-26,South,13.35,Medium,2.5,14,80.5,115.4,False
ORD00823,2026-06-20,South,14.35,High,0.62,17,91.0,121.96,False
ORD00824,2026-07-08,East,6.92,Low,2.09,11,42.4,83.5,True
ORD00825,2026-07-11,Central,0.5,Medium,0.14,16,22.8,34.82,True
ORD00826,2026-07-25,South,8.76,Low,2.89,19,67.5,96.87,False
ORD00827,2026-07-01,South,10.78,Low,1.43,9,57.8,134.16,True
ORD00828,2026-06-08,West,8.11,Medium,0.26,18,52.7,67.56,True
ORD00829,2026-06-23,East,5.13,Medium,3.3,16,26.2,85.27,True
ORD00830,2026-07-20,South,11.03,Low,6.51,17,63.1,123.32,True
ORD00831,2026-06-25,East,7.85,Low,0.53,10,41.4,82.81,True
ORD00832,2026-07-17,North,9.1,Low,3.49,20,51.1,115.08,True
ORD00833,2026-06-01,North,6.72,Low,1.81,9,52.3,59.92,True
ORD00834,2026-07-16,East,7.31,High,1.3,20,51.3,71.62,True
ORD00835,2026-06-18,South,7.23,High,1.3,11,66.1,80.83,True
ORD00836,2026-06-19,Central,6.67,Low,1.81,12,42.0,98.68,True
ORD00837,2026-07-21,South,13.11,Medium,1.81,9,84.0,140.44,False
ORD00838,2026-07-12,East,2.46,High,2.42,20,37.1,71.49,True
ORD00839,2026-07-22,West,8.21,Low,1.18,8,30.5,62.01,True
ORD00840,2026-07-23,North,4.51,High,1.41,17,37.7,52.64,True
ORD00841,2026-06-06,West,9.05,High,3.73,18,103.4,92.39,False
ORD00842,2026-06-17,North,8.75,Low,1.09,12,69.7,90.79,False
ORD00843,2026-07-16,Central,0.5,Low,3.03,16,24.8,23.74,True
ORD00844,2026-07-15,North,6.23,High,1.89,19,67.4,91.64,True
ORD00845,2026-06-08,South,6.99,Medium,1.59,19,59.4,58.17,True
ORD00846,2026-07-24,North,9.62,Low,7.93,12,70.3,138.24,True
ORD00847,2026-07-12,Central,4.21,Low,0.76,19,33.6,70.99,True
ORD00848,2026-06-09,East,5.83,Medium,6.81,18,66.2,83.4,True
ORD00849,2026-07-07,East,8.53,Medium,4.49,17,60.0,119.45,True
ORD00850,2026-07-25,North,7.36,Medium,1.47,16,39.5,80.02,True
ORD00851,2026-06-27,West,10.19,High,4.57,20,80.7,108.28,False
ORD00852,2026-07-06,North,14.02,Low,0.07,19,79.2,116.37,False
ORD00853,2026-06-06,Central,8.02,Medium,1.35,17,47.4,83.78,True
ORD00854,2026-06-06,North,5.1,Medium,1.1,13,61.1,64.85,True
ORD00855,2026-07-15,North,11.49,Medium,3.32,10,67.3,115.97,True
ORD00856,2026-06-04,North,11.43,Low,4.12,11,40.5,110.94,True
ORD00857,2026-06-22,East,4.56,High,3.28,11,41.5,65.49,True
ORD00858,2026-07-10,East,10.46,High,2.75,8,82.9,102.66,False
ORD00859,2026-06-27,North,13.61,Medium,4.79,10,69.5,158.68,True
ORD00860,2026-07-07,West,7.63,Medium,4.33,10,59.2,90.94,True
ORD00861,2026-06-02,East,5.25,Low,1.44,20,25.4,62.53,True
ORD00862,2026-06-09,East,11.05,Medium,1.58,8,73.4,126.68,True
ORD00863,2026-06-11,East,8.81,Medium,4.16,20,51.7,100.9,True
ORD00864,2026-06-20,South,11.65,Medium,2.4,16,63.3,105.15,False
ORD00865,2026-07-22,East,9.02,High,2.53,18,83.1,85.98,False
ORD00866,2026-07-13,North,10.17,Medium,2.79,8,65.2,90.79,True
ORD00867,2026-07-09,North,5.02,Medium,0.41,16,51.1,70.85,True
ORD00868,2026-07-28,Central,7.14,High,1.38,8,55.5,60.57,True
ORD00869,2026-06-14,Central,7.51,Low,3.53,9,42.8,109.79,True
ORD00870,2026-06-26,South,9.31,Medium,1.37,9,50.7,95.18,True
ORD00871,2026-07-08,South,9.87,Low,2.07,13,48.5,97.6,True
ORD00872,2026-06-30,West,6.41,Medium,3.52,14,41.7,83.69,True
ORD00873,2026-07-06,South,11.54,High,4.97,18,98.3,131.46,False
ORD00874,2026-07-08,North,10.72,Medium,5.38,8,50.4,116.61,True
ORD00875,2026-07-05,North,8.81,High,5.59,10,68.5,108.46,True
ORD00876,2026-07-25,West,14.37,Medium,2.23,9,72.9,145.43,True
ORD00877,2026-06-06,West,10.0,Low,2.05,15,60.3,107.76,True
ORD00878,2026-06-03,North,10.69,High,0.86,16,67.3,88.12,True
ORD00879,2026-06-01,South,6.94,Low,6.54,20,49.8,94.09,True
ORD00880,2026-07-30,South,9.93,Low,1.98,9,54.2,81.48,True
ORD00881,2026-07-28,West,10.48,Medium,6.43,9,76.4,132.49,False
ORD00882,2026-07-23,North,9.68,Low,3.09,17,47.9,114.54,True
ORD00883,2026-07-28,North,7.89,Low,5.13,16,56.4,91.63,True
ORD00884,2026-06-18,Central,3.61,Medium,2.35,11,37.1,90.96,True
ORD00885,2026-06-23,North,11.48,Medium,3.77,12,95.1,149.7,False
ORD00886,2026-07-02,West,9.69,Medium,5.25,20,80.2,115.31,False
ORD00887,2026-06-29,South,5.18,High,1.65,18,55.3,61.03,True
ORD00888,2026-06-23,North,14.25,Medium,5.61,16,81.8,149.46,False
ORD00889,2026-07-06,South,14.14,High,0.97,13,120.9,116.16,False
ORD00890,2026-06-06,West,7.12,Low,7.79,17,58.7,120.42,True
ORD00891,2026-06-17,Central,6.07,Medium,2.8,19,74.3,83.21,False
ORD00892,2026-06-18,Central,2.49,High,1.4,16,36.0,54.93,True
ORD00893,2026-07-01,South,10.79,Medium,4.42,16,51.9,139.81,True
ORD00894,2026-06-06,West,11.88,Medium,3.2,14,60.9,113.25,True
ORD00895,2026-07-04,North,8.3,Medium,0.44,19,73.1,78.83,False
ORD00896,2026-07-14,South,7.65,Low,1.81,17,32.3,97.62,True
ORD00897,2026-07-14,Central,1.93,Medium,1.02,16,19.3,41.75,True
ORD00898,2026-06-27,North,6.25,Medium,1.11,12,47.5,94.54,True
ORD00899,2026-07-06,North,6.5,High,1.07,12,65.1,88.78,True
ORD00900,2026-07-18,North,8.8,Low,3.64,19,60.5,98.02,True
ORD00901,2026-07-22,North,6.85,High,4.66,15,42.3,72.38,True
ORD00902,2026-07-12,North,11.05,High,1.29,17,64.3,89.79,True
ORD00903,2026-06-25,East,12.46,Low,0.31,11,43.2,106.52,True
ORD00904,2026-06-10,East,6.26,Low,9.01,16,33.9,113.39,True
ORD00905,2026-07-09,Central,4.72,High,2.82,14,43.9,85.74,True
ORD00906,2026-07-16,Central,5.5,High,4.45,14,51.4,81.83,True
ORD00907,2026-07-09,South,11.42,Medium,2.14,20,73.0,102.53,False
ORD00908,2026-06-12,South,10.23,Low,0.23,10,52.4,95.76,True
ORD00909,2026-06-11,South,12.23,Medium,3.39,11,64.9,123.96,False
ORD00910,2026-07-19,East,9.45,Medium,7.25,14,64.1,137.51,True
ORD00911,2026-07-13,South,6.29,Low,1.47,18,53.2,92.03,True
ORD00912,2026-07-23,West,13.61,Medium,0.2,18,92.7,107.27,False
ORD00913,2026-06-03,South,12.66,Low,0.85,12,70.2,121.32,True
ORD00914,2026-07-21,East,5.71,Low,4.6,19,38.1,76.19,True
ORD00915,2026-06-22,East,8.11,Medium,3.18,10,45.8,86.19,True
ORD00916,2026-06-04,South,12.05,Medium,5.62,8,76.8,144.39,False
ORD00917,2026-06-08,Central,3.37,Low,2.52,14,28.5,60.11,True
ORD00918,2026-06-14,West,14.22,Medium,4.07,13,118.0,147.2,False
ORD00919,2026-06-20,North,16.09,Low,1.77,17,63.0,148.45,True
ORD00920,2026-06-24,Central,1.64,Low,0.92,14,27.4,43.58,True
ORD00921,2026-06-14,East,3.86,Low,4.08,9,34.9,76.2,True
ORD00922,2026-06-28,Central,4.91,High,4.65,20,46.1,83.9,True
ORD00923,2026-06-16,Central,6.16,Medium,1.5,19,49.1,62.57,True
ORD00924,2026-07-02,East,7.31,Medium,6.82,11,57.7,111.99,True
ORD00925,2026-07-17,North,13.36,Medium,6.95,9,82.6,137.56,False
ORD00926,2026-06-12,South,5.98,High,1.08,15,50.4,60.6,True
ORD00927,2026-06-16,East,10.08,Low,1.12,14,51.9,110.47,True
ORD00928,2026-07-22,West,9.18,Medium,1.17,8,54.8,87.5,True
ORD00929,2026-06-19,South,15.16,Medium,2.26,9,67.4,151.35,True
ORD00930,2026-06-05,North,14.98,Medium,1.84,9,80.0,148.26,False
ORD00931,2026-06-12,Central,1.7,Low,0.73,11,19.1,38.4,True
ORD00932,2026-06-29,Central,2.35,Medium,1.2,10,41.7,63.14,True
ORD00933,2026-06-05,East,10.58,Low,0.24,8,54.2,95.1,True
ORD00934,2026-07-12,North,7.84,Medium,0.3,19,62.6,81.39,True
ORD00935,2026-07-28,South,9.86,Medium,0.59,9,60.4,102.52,True
ORD00936,2026-06-17,North,9.08,Low,8.68,18,57.0,149.92,True
ORD00937,2026-07-17,Central,0.5,High,8.0,16,21.6,78.14,True
ORD00938,2026-06-08,North,8.96,Low,4.25,20,45.7,105.39,True
ORD00939,2026-07-10,East,5.93,High,1.51,8,52.0,76.13,True
ORD00940,2026-07-10,South,8.52,Medium,0.58,16,47.6,68.82,True
ORD00941,2026-06-30,East,12.33,Low,2.48,14,53.2,132.62,True
ORD00942,2026-06-10,West,7.23,Low,3.46,9,33.4,102.3,True
ORD00943,2026-06-20,Central,6.44,High,1.31,9,51.7,80.76,True
ORD00944,2026-07-15,North,8.16,Low,3.32,12,56.5,105.62,True
ORD00945,2026-06-16,North,8.16,Low,0.84,20,45.5,62.27,True
ORD00946,2026-07-11,North,11.37,Low,1.54,12,62.1,97.4,True
ORD00947,2026-06-16,Central,5.02,Medium,2.03,11,41.1,92.77,True
ORD00948,2026-07-12,Central,5.71,Medium,8.16,19,48.9,98.31,True
ORD00949,2026-06-03,East,10.9,Low,1.19,17,49.5,114.97,True
ORD00950,2026-06-23,West,10.01,Low,3.45,17,53.2,100.57,True
ORD00951,2026-06-22,West,9.16,Low,1.03,20,43.4,88.58,True
ORD00952,2026-07-27,North,5.74,Low,0.9,19,29.2,93.38,True
ORD00953,2026-06-28,Central,1.52,Medium,1.3,10,11.2,43.48,True
ORD00954,2026-07-16,South,18.85,Medium,2.54,11,98.0,169.46,False
ORD00955,2026-07-15,South,13.73,Low,7.42,17,71.7,152.0,False
ORD00956,2026-07-06,East,3.95,Medium,1.48,11,35.8,64.83,True
ORD00957,2026-06-04,North,5.03,Medium,4.67,9,45.9,84.87,True
ORD00958,2026-07-08,North,10.45,High,8.42,12,101.6,109.53,False
ORD00959,2026-06-24,West,12.64,High,3.03,12,120.5,130.62,False
ORD00960,2026-06-19,North,10.65,High,5.28,12,104.6,114.93,False
ORD00961,2026-06-11,West,10.24,Low,1.24,18,57.1,123.09,True
ORD00962,2026-07-10,South,9.62,Low,3.38,18,65.9,97.48,True
ORD00963,2026-07-16,South,10.98,Low,4.03,17,56.9,112.66,True
ORD00964,2026-07-10,South,10.26,Low,0.69,8,62.0,128.93,True
ORD00965,2026-07-16,South,3.34,Medium,1.13,13,46.7,65.15,True
ORD00966,2026-07-25,West,10.31,High,1.96,18,94.9,93.45,False
ORD00967,2026-07-09,South,7.45,High,1.34,9,53.6,86.14,True
ORD00968,2026-07-23,East,8.53,High,2.15,14,76.2,79.8,False
ORD00969,2026-06-18,East,16.96,Medium,0.59,11,90.6,145.78,False
ORD00970,2026-06-12,West,12.1,Medium,7.88,12,92.8,132.11,False
ORD00971,2026-06-14,Central,3.06,Low,5.01,12,18.3,93.31,True
ORD00972,2026-07-17,West,13.77,Low,17.45,12,89.8,197.82,False
ORD00973,2026-06-18,North,10.45,Medium,0.78,9,52.7,107.52,True
ORD00974,2026-07-14,North,10.26,Low,3.48,12,63.6,122.7,True
ORD00975,2026-07-12,South,11.82,Medium,1.35,10,70.6,125.24,True
ORD00976,2026-06-12,East,14.17,Low,0.89,11,67.5,117.57,False
ORD00977,2026-07-10,North,5.61,Medium,4.82,20,55.6,87.83,True
ORD00978,2026-06-27,East,9.42,High,2.61,9,76.6,96.85,True
ORD00979,2026-06-06,East,5.22,Low,1.85,11,23.3,96.83,True
ORD00980,2026-06-24,South,11.67,High,3.1,20,90.1,91.43,False
ORD00981,2026-07-21,West,8.24,Low,1.18,16,56.5,81.64,True
ORD00982,2026-07-03,North,7.75,Medium,1.14,15,62.0,84.19,True
ORD00983,2026-07-15,North,8.11,Medium,1.39,20,40.6,90.23,True
ORD00984,2026-07-24,West,13.93,Medium,5.5,18,100.6,145.03,False
ORD00985,2026-06-16,East,10.76,High,5.19,19,110.3,121.15,False
ORD00986,2026-07-20,West,7.26,Low,0.75,10,29.8,78.41,True
ORD00987,2026-06-12,East,8.16,Medium,7.65,8,43.6,118.1,True
ORD00988,2026-07-01,South,7.87,Medium,2.44,8,52.9,96.95,True
ORD00989,2026-07-27,Central,0.5,High,3.43,13,17.2,69.14,True
ORD00990,2026-07-07,Central,3.35,Low,1.35,10,14.2,78.82,True
ORD00991,2026-07-23,West,10.07,High,2.54,11,82.4,109.76,False
ORD00992,2026-06-13,South,17.28,Medium,0.89,8,89.2,140.11,False
ORD00993,2026-07-28,East,9.3,Low,1.27,15,42.0,90.67,True
ORD00994,2026-06-08,South,5.87,Medium,4.54,8,36.7,71.44,True
ORD00995,2026-07-08,North,7.31,Low,4.62,12,54.2,108.33,True
ORD00996,2026-06-03,Central,7.06,Medium,3.55,13,64.2,90.29,True
ORD00997,2026-07-27,North,15.27,High,1.76,9,102.6,141.86,False
ORD00998,2026-07-28,Central,0.5,Medium,0.73,14,8.0,40.32,True
ORD00999,2026-06-20,East,2.36,Medium,5.96,14,35.2,62.0,True
ORD01000,2026-07-28,North,14.61,Medium,4.86,8,86.7,135.54,False
ORD01001,2026-06-04,East,9.17,Low,0.36,11,42.0,85.67,True
ORD01002,2026-07-14,Central,1.4,Low,4.67,19,34.7,64.51,True
ORD01003,2026-07-15,West,12.6,Medium,1.85,20,62.7,118.73,True
ORD01004,2026-06-02,Central,0.5,Low,4.12,11,31.5,29.37,True
ORD01005,2026-07-21,West,11.01,Low,0.6,12,66.0,91.8,True
ORD01006,2026-07-06,West,11.98,Medium,1.42,8,62.4,110.65,True
ORD01007,2026-06-23,Central,6.77,Low,2.69,8,37.1,84.96,True
ORD01008,2026-07-15,South,6.96,Low,7.88,14,53.9,114.51,True
ORD01009,2026-06-19,East,8.26,Medium,2.69,16,54.2,95.44,True
ORD01010,2026-07-10,South,7.22,Low,5.35,8,49.2,95.07,True
ORD01011,2026-06-08,Central,4.77,High,2.98,9,52.8,68.73,True
ORD01012,2026-06-16,Central,1.31,High,2.9,13,24.0,53.14,True
ORD01013,2026-07-28,North,7.78,Medium,3.69,13,65.4,101.06,False
ORD01014,2026-07-13,West,8.01,Low,2.39,9,41.5,88.16,True
ORD01015,2026-06-18,Central,5.95,High,4.47,16,60.4,74.54,True
ORD01016,2026-07-06,North,11.58,High,0.95,11,76.0,108.05,False
ORD01017,2026-06-24,East,7.3,High,2.4,20,57.7,79.71,True
ORD01018,2026-06-01,Central,4.11,Low,8.33,14,55.7,95.18,True
ORD01019,2026-06-01,North,4.65,Medium,5.5,13,58.4,101.12,True
ORD01020,2026-07-16,West,10.1,High,3.17,18,87.1,92.75,False
ORD01021,2026-07-06,South,9.85,Medium,4.99,20,68.7,128.79,True
ORD01022,2026-06-11,Central,11.86,Medium,6.9,18,97.2,141.71,False
ORD01023,2026-06-18,Central,0.66,Medium,0.31,10,9.3,48.85,True
ORD01024,2026-06-16,Central,8.39,Medium,2.0,15,51.2,87.72,True
ORD01025,2026-06-17,East,10.99,Low,1.41,14,44.1,90.01,True
ORD01026,2026-06-24,Central,4.84,Medium,0.65,16,16.7,66.36,True
ORD01027,2026-07-04,Central,9.28,Low,9.13,10,53.6,145.44,True
ORD01028,2026-06-04,South,11.12,Medium,3.82,8,61.4,105.57,True
ORD01029,2026-07-05,Central,5.17,Low,4.86,9,28.1,73.08,True
ORD01030,2026-06-15,North,8.84,Medium,1.47,19,68.0,100.68,False
ORD01031,2026-06-02,East,11.67,Low,1.97,18,52.5,107.99,True
ORD01032,2026-07-26,South,13.29,Medium,2.49,19,95.5,146.83,False
ORD01033,2026-07-21,North,7.12,High,3.35,8,57.6,98.19,True
ORD01034,2026-07-01,North,5.04,Low,4.35,18,47.8,72.41,True
ORD01035,2026-06-09,West,10.39,Low,4.16,12,53.3,108.24,True
ORD01036,2026-06-10,South,7.6,Low,2.07,17,58.7,81.79,True
ORD01037,2026-07-23,West,10.81,High,7.09,9,95.6,129.52,False
ORD01038,2026-06-25,North,12.71,Medium,6.14,10,68.5,142.07,True
ORD01039,2026-07-21,South,8.63,Medium,3.11,15,66.0,101.92,True
ORD01040,2026-07-30,East,7.87,Low,2.56,17,49.9,78.42,True
ORD01041,2026-06-05,Central,4.17,Medium,1.95,12,37.9,76.14,True
ORD01042,2026-06-14,South,12.55,High,3.37,11,82.1,122.22,False
ORD01043,2026-07-12,West,4.26,High,5.92,12,49.7,71.42,True
ORD01044,2026-07-18,Central,2.18,Medium,2.61,17,49.6,49.57,True
ORD01045,2026-07-08,West,11.63,Low,1.57,13,79.7,124.39,False
ORD01046,2026-07-27,South,13.6,Low,2.56,19,77.1,131.44,True
ORD01047,2026-07-10,North,7.52,Low,3.15,14,41.6,95.47,True
ORD01048,2026-06-02,Central,0.5,Low,0.89,20,24.4,22.95,True
ORD01049,2026-06-18,North,10.86,Low,0.68,16,56.9,105.03,True
ORD01050,2026-06-29,Central,2.09,Low,1.6,8,15.8,62.3,True
ORD01051,2026-07-23,East,4.43,Medium,7.08,11,43.6,66.9,True
ORD01052,2026-07-23,Central,2.13,High,5.7,19,33.0,63.1,True
ORD01053,2026-07-23,Central,3.45,Medium,0.52,19,36.9,62.06,True
ORD01054,2026-06-20,Central,2.19,High,1.09,16,27.7,50.68,True
ORD01055,2026-06-08,South,3.38,Medium,4.3,12,47.6,57.83,True
ORD01056,2026-07-29,West,13.69,Low,1.78,15,58.6,131.25,True
ORD01057,2026-07-07,South,13.82,Medium,3.5,19,100.3,120.55,False
ORD01058,2026-07-19,East,9.95,Low,0.56,8,32.4,86.65,True
ORD01059,2026-07-18,West,7.59,Medium,2.52,11,51.9,80.75,True
ORD01060,2026-06-26,Central,3.4,Low,2.32,19,26.5,80.34,True
ORD01061,2026-07-07,Central,3.98,High,4.88,19,38.5,56.33,True
ORD01062,2026-07-19,West,12.8,Low,3.35,16,68.7,108.1,True
ORD01063,2026-06-04,South,12.01,Low,2.79,20,56.2,123.15,True
ORD01064,2026-07-03,East,5.8,High,0.43,8,30.4,70.75,True
ORD01065,2026-06-22,West,11.25,Low,8.51,8,54.1,133.2,True
ORD01066,2026-06-06,South,11.37,Medium,4.08,11,66.8,121.22,True
ORD01067,2026-07-03,North,13.37,Medium,1.36,10,72.4,109.83,False
ORD01068,2026-06-28,South,12.11,High,2.73,14,79.9,121.31,False
ORD01069,2026-06-24,South,12.37,High,1.83,18,84.3,120.59,False
ORD01070,2026-06-04,South,10.25,High,2.12,10,68.7,120.12,True
ORD01071,2026-06-02,South,14.23,Low,5.64,8,75.3,169.08,False
ORD01072,2026-06-13,North,10.23,High,1.09,19,105.3,97.86,False
ORD01073,2026-07-16,North,6.42,Medium,4.2,18,52.1,74.07,True
ORD01074,2026-07-19,Central,8.21,Medium,5.8,17,70.6,112.35,True
ORD01075,2026-06-11,East,10.09,Low,3.75,9,38.5,109.75,True
ORD01076,2026-07-05,South,8.67,Medium,2.21,17,47.0,93.51,True
ORD01077,2026-07-09,West,9.56,High,1.27,20,75.5,78.15,True
ORD01078,2026-06-10,North,9.89,High,1.44,11,76.3,101.51,False
ORD01079,2026-07-13,Central,5.39,Medium,2.78,8,40.4,81.78,True
ORD01080,2026-06-10,Central,4.59,Low,2.6,8,23.6,82.69,True
ORD01081,2026-06-08,North,9.93,Medium,4.58,19,68.9,107.74,True
ORD01082,2026-06-05,South,15.1,High,0.6,15,92.0,120.76,False
ORD01083,2026-06-23,Central,7.21,Medium,5.59,14,42.5,94.21,True
ORD01084,2026-07-04,Central,4.57,Medium,12.28,15,48.6,122.5,True
ORD01085,2026-07-30,East,10.82,Low,2.38,20,51.5,126.98,True
ORD01086,2026-07-30,West,7.9,Medium,2.1,11,40.9,103.64,True
ORD01087,2026-07-17,North,10.19,Medium,2.26,13,74.0,113.52,False
ORD01088,2026-07-02,Central,9.43,High,2.7,20,48.1,102.24,True
ORD01089,2026-06-16,South,9.35,Medium,1.97,10,58.8,100.51,True
ORD01090,2026-06-04,Central,1.46,Low,0.31,18,27.6,44.01,True
ORD01091,2026-07-24,West,9.04,Medium,2.22,20,47.8,95.08,True
ORD01092,2026-07-30,West,7.73,Low,2.83,15,36.6,102.81,True
ORD01093,2026-06-28,East,5.65,High,6.01,11,54.4,72.11,True
ORD01094,2026-07-18,South,8.89,Medium,1.08,10,54.0,74.7,True
ORD01095,2026-07-14,North,4.78,Medium,7.66,11,49.5,73.41,True
ORD01096,2026-07-30,South,10.05,Medium,1.86,13,69.3,93.49,False
ORD01097,2026-06-14,North,11.71,Medium,1.2,18,79.2,127.29,False
ORD01098,2026-06-12,West,8.28,Medium,4.08,14,52.2,86.67,True
ORD01099,2026-07-30,South,14.56,Medium,1.68,14,68.9,117.86,False
ORD01100,2026-06-21,North,10.53,Low,2.41,19,62.9,98.68,True
ORD01101,2026-07-18,Central,7.09,Low,2.54,11,32.1,100.05,True
ORD01102,2026-06-16,Central,2.03,Low,3.92,15,29.1,76.86,True
ORD01103,2026-07-24,Central,6.56,Medium,2.36,14,37.4,94.76,True
ORD01104,2026-07-14,Central,0.72,Low,2.16,9,21.7,56.7,True
ORD01105,2026-06-02,North,11.67,Medium,1.82,20,77.2,133.33,False
ORD01106,2026-06-23,South,10.52,High,3.64,15,79.6,92.08,False
ORD01107,2026-07-26,West,12.66,High,1.61,16,87.0,104.35,False
ORD01108,2026-06-29,West,7.47,Medium,6.14,12,54.4,95.96,True
ORD01109,2026-07-16,North,6.31,Medium,2.57,11,55.2,83.08,True
ORD01110,2026-07-13,Central,5.79,Low,0.45,11,43.0,70.74,True
ORD01111,2026-06-09,South,7.15,Medium,3.15,20,47.0,91.13,True
ORD01112,2026-07-24,South,11.39,High,3.54,11,77.8,128.91,False
ORD01113,2026-06-07,East,3.9,Low,6.19,13,32.8,58.32,True
ORD01114,2026-06-29,East,10.54,Medium,1.33,18,92.2,102.44,False
ORD01115,2026-07-14,East,4.3,High,1.16,11,46.0,66.03,True
ORD01116,2026-06-17,North,10.66,High,4.01,14,71.3,112.21,False
ORD01117,2026-06-09,Central,5.88,Low,5.51,14,48.7,93.61,True
ORD01118,2026-06-06,South,7.91,Medium,1.28,12,73.2,99.06,False
ORD01119,2026-07-14,North,10.75,Low,3.07,20,52.6,113.49,True
ORD01120,2026-06-20,Central,4.78,Low,2.39,12,36.3,96.77,True
ORD01121,2026-06-10,Central,2.38,High,1.32,17,21.5,62.45,True
ORD01122,2026-06-09,Central,0.97,High,2.28,15,28.5,49.1,True
ORD01123,2026-06-12,Central,0.5,High,5.25,14,20.1,61.34,True
ORD01124,2026-07-03,West,12.05,Low,2.58,14,52.6,128.07,True
ORD01125,2026-07-02,East,3.31,High,2.19,13,42.5,80.91,True
ORD01126,2026-07-04,North,9.29,Medium,3.86,14,51.3,120.66,True
ORD01127,2026-06-19,South,9.21,Low,5.58,14,62.8,119.47,False
ORD01128,2026-07-03,South,12.04,Medium,1.06,17,74.0,103.95,False
ORD01129,2026-07-18,South,9.09,Low,3.16,9,48.2,107.36,True
ORD01130,2026-06-16,West,10.01,High,1.87,17,64.7,109.88,True
ORD01131,2026-07-20,East,10.2,Medium,2.58,9,53.9,116.44,True
ORD01132,2026-07-20,North,10.01,Low,4.08,17,44.8,103.36,True
ORD01133,2026-06-23,South,10.95,Low,1.99,14,42.4,118.38,True
ORD01134,2026-06-26,West,12.41,Low,2.34,17,59.9,130.08,True
ORD01135,2026-07-15,North,4.39,Low,4.95,14,29.4,64.83,True
ORD01136,2026-07-24,Central,6.27,Medium,3.48,14,39.3,70.96,True
ORD01137,2026-07-14,East,9.84,High,2.3,12,85.9,117.02,False
ORD01138,2026-07-11,East,4.95,Low,2.78,8,41.9,63.59,True
ORD01139,2026-07-07,East,7.27,Low,2.63,9,35.1,106.74,True
ORD01140,2026-06-09,Central,3.88,Medium,0.42,20,41.8,53.65,True
ORD01141,2026-06-30,South,9.6,High,2.82,16,68.0,108.84,False
ORD01142,2026-06-13,West,12.0,Low,0.76,15,44.3,115.24,True
ORD01143,2026-07-18,East,12.29,Low,5.47,15,64.1,124.31,True
ORD01144,2026-07-30,South,13.25,Medium,0.74,17,78.0,135.89,False
ORD01145,2026-07-12,Central,0.5,Low,1.79,8,11.7,37.43,True
ORD01146,2026-06-16,Central,5.87,Low,1.52,13,43.5,75.22,True
ORD01147,2026-07-16,West,14.99,Medium,6.88,16,87.5,132.52,False
ORD01148,2026-07-27,Central,5.16,Medium,5.31,15,43.1,69.81,True
ORD01149,2026-06-02,Central,7.27,Medium,0.18,10,41.8,91.56,True
ORD01150,2026-07-01,West,17.04,Medium,2.48,11,95.7,151.09,False
ORD01151,2026-07-30,Central,7.07,Medium,0.9,10,43.4,72.72,True
ORD01152,2026-07-27,West,11.75,Low,2.82,13,65.9,111.37,True
ORD01153,2026-07-21,West,14.14,Medium,4.01,16,64.1,145.3,True
ORD01154,2026-07-13,West,11.43,Low,3.01,15,40.9,132.09,True
ORD01155,2026-06-19,West,11.07,Low,4.19,20,56.8,112.82,True
ORD01156,2026-07-30,North,7.95,Medium,2.03,17,49.7,103.32,True
ORD01157,2026-06-11,Central,8.69,High,3.08,11,72.8,97.5,True
ORD01158,2026-06-14,Central,1.54,High,4.08,9,36.9,63.18,True
ORD01159,2026-07-17,North,13.6,Medium,1.74,20,71.5,104.39,True
ORD01160,2026-06-25,Central,5.5,Low,1.18,15,41.5,51.46,True
ORD01161,2026-06-07,North,4.8,Low,1.45,15,27.5,77.14,True
ORD01162,2026-06-15,South,11.1,High,2.28,19,100.9,115.04,False
ORD01163,2026-06-30,West,4.7,Medium,2.53,18,43.7,76.02,True
ORD01164,2026-07-29,North,10.88,Medium,3.21,13,94.5,101.23,False
ORD01165,2026-07-01,Central,6.66,High,1.33,15,42.4,73.78,True
ORD01166,2026-06-24,Central,2.22,Medium,4.17,16,29.3,41.9,True
ORD01167,2026-07-25,East,8.37,High,7.94,20,63.7,107.59,False
ORD01168,2026-06-25,North,14.86,Low,1.53,8,61.9,132.76,True
ORD01169,2026-06-08,South,8.48,Medium,10.89,16,59.5,134.81,True
ORD01170,2026-06-30,West,7.82,High,8.64,9,67.6,108.58,True
ORD01171,2026-07-06,Central,8.44,Low,2.52,20,55.6,102.1,True
ORD01172,2026-07-20,West,16.89,Medium,2.23,8,102.9,148.68,False
ORD01173,2026-06-14,South,10.01,Low,1.43,15,53.9,98.37,True
ORD01174,2026-06-29,West,14.03,High,4.6,15,88.6,141.55,False
ORD01175,2026-06-27,East,12.02,Low,2.65,18,70.4,144.48,True
ORD01176,2026-07-23,West,8.77,Medium,2.87,11,56.7,97.14,True
ORD01177,2026-07-20,North,7.54,Low,1.21,15,37.2,95.55,True
ORD01178,2026-07-06,West,14.69,Medium,4.69,14,79.1,151.76,False
ORD01179,2026-07-30,East,13.06,Low,2.09,20,58.5,120.66,True
ORD01180,2026-07-04,Central,5.69,Low,0.96,9,40.4,52.4,True
ORD01181,2026-06-21,South,7.36,Medium,2.37,12,64.7,80.27,True
ORD01182,2026-07-08,West,16.96,High,1.28,17,103.8,146.54,False
ORD01183,2026-06-11,Central,2.41,Low,6.2,11,34.3,70.43,True
ORD01184,2026-07-03,North,7.99,Low,8.57,10,63.8,133.52,True
ORD01185,2026-06-15,Central,5.03,High,2.42,8,32.9,64.04,True
ORD01186,2026-06-12,West,15.66,Medium,5.21,12,108.5,151.93,False
ORD01187,2026-06-24,North,11.56,High,5.13,17,79.4,133.13,False
ORD01188,2026-07-20,South,11.24,Low,0.03,15,51.7,99.88,True
ORD01189,2026-07-07,West,12.39,Medium,1.45,19,74.2,128.31,False
ORD01190,2026-06-11,North,9.13,Low,2.74,16,58.1,87.81,True
ORD01191,2026-07-26,East,9.67,Low,1.77,14,48.3,82.08,True
ORD01192,2026-07-23,South,2.41,Medium,1.35,19,32.9,47.91,True
ORD01193,2026-06-19,West,10.11,Medium,5.36,18,81.2,117.38,False
ORD01194,2026-07-24,North,9.72,High,1.72,8,65.7,103.05,True
ORD01195,2026-06-01,Central,0.55,Low,3.22,8,25.9,48.74,True
ORD01196,2026-06-17,Central,5.16,Medium,5.05,8,42.1,79.84,True
ORD01197,2026-07-10,Central,3.39,Medium,6.44,9,19.5,60.97,True
ORD01198,2026-07-25,West,16.27,High,0.97,8,103.7,138.38,False
ORD01199,2026-06-16,North,13.72,Low,1.05,11,57.8,111.11,True
ORD01200,2026-06-26,West,9.6,Low,2.96,17,54.6,105.7,True
ORD01201,2026-07-28,North,8.55,Medium,0.31,16,72.5,73.56,False
ORD01202,2026-07-13,North,8.78,Medium,1.1,19,70.4,96.23,False
ORD01203,2026-07-29,South,8.65,Low,5.76,11,66.0,130.4,False
ORD01204,2026-07-21,East,8.59,High,3.94,20,60.5,93.64,True
ORD01205,2026-07-26,West,8.73,Low,2.28,11,40.5,81.11,True
ORD01206,2026-07-13,West,7.61,High,3.54,14,58.3,108.06,True
ORD01207,2026-06-15,East,9.87,Low,4.14,18,67.2,132.73,True
ORD01208,2026-06-08,South,11.89,Medium,0.67,16,60.1,95.14,True
ORD01209,2026-06-30,Central,1.59,High,1.69,14,12.6,46.32,True
ORD01210,2026-06-14,East,10.69,Low,6.29,8,56.3,131.72,True
ORD01211,2026-07-03,East,6.11,High,3.0,8,42.4,79.16,True
ORD01212,2026-07-12,North,9.76,Medium,3.13,11,68.0,85.56,True
ORD01213,2026-06-07,Central,6.46,High,2.43,11,58.0,65.73,True
ORD01214,2026-06-18,West,10.9,Medium,0.42,8,54.7,87.4,True
ORD01215,2026-06-12,South,11.36,Low,1.51,13,71.2,97.73,True
ORD01216,2026-06-02,North,7.45,Low,3.39,17,38.2,93.71,True
ORD01217,2026-07-20,West,10.41,Low,1.72,9,49.8,118.07,True
ORD01218,2026-06-29,West,10.38,Low,1.0,18,62.3,85.4,True
ORD01219,2026-06-21,South,7.76,Low,1.13,12,48.3,75.76,True
ORD01220,2026-06-07,Central,3.47,Low,6.38,15,39.8,66.03,True
ORD01221,2026-07-22,North,4.35,Medium,1.65,10,26.0,68.69,True
ORD01222,2026-06-27,East,6.53,High,5.55,16,60.9,85.87,True
ORD01223,2026-06-12,Central,3.15,Low,3.14,14,31.0,51.5,True
ORD01224,2026-06-20,South,9.23,Low,2.08,16,35.6,79.58,True
ORD01225,2026-07-27,West,10.28,Medium,1.3,8,52.8,118.57,True
ORD01226,2026-06-14,South,9.81,Low,4.02,12,54.6,136.95,True
ORD01227,2026-06-10,South,11.44,Low,5.1,19,68.9,126.78,False
ORD01228,2026-07-11,Central,6.62,Low,4.29,20,41.3,108.9,True
ORD01229,2026-06-23,South,8.05,High,0.75,10,52.2,78.68,True
ORD01230,2026-06-30,Central,0.5,High,1.64,11,27.3,40.13,True
ORD01231,2026-07-17,South,6.87,Medium,1.81,11,54.0,90.1,True
ORD01232,2026-07-28,North,7.54,Medium,0.33,18,69.1,71.36,True
ORD01233,2026-07-01,North,7.94,Medium,3.51,19,43.4,94.47,True
ORD01234,2026-07-22,West,8.69,Medium,3.87,14,71.0,99.34,False
ORD01235,2026-07-26,South,6.11,Medium,3.78,17,45.9,90.85,True
ORD01236,2026-06-10,Central,2.63,Medium,3.35,18,34.4,61.92,True
ORD01237,2026-06-19,East,8.54,Low,1.94,15,43.7,84.96,True
ORD01238,2026-06-19,Central,5.79,Low,1.25,18,31.7,69.24,True
ORD01239,2026-07-14,North,7.33,Medium,1.94,17,50.5,99.16,True
ORD01240,2026-06-23,Central,2.76,High,3.16,12,52.4,67.8,True
ORD01241,2026-07-29,West,8.22,Medium,5.9,20,56.9,113.75,True
ORD01242,2026-07-14,West,10.91,High,2.65,20,68.3,139.09,False
ORD01243,2026-07-11,Central,1.45,High,2.59,19,16.7,36.76,True
ORD01244,2026-07-29,West,12.72,Low,0.36,17,53.7,122.71,True
ORD01245,2026-07-02,West,5.64,Medium,3.31,14,36.2,81.24,True
ORD01246,2026-06-20,North,7.92,Medium,6.19,10,60.4,111.61,True
ORD01247,2026-06-04,North,9.9,High,2.29,10,82.4,106.18,False
ORD01248,2026-07-03,Central,4.55,High,2.16,10,45.9,60.24,True
ORD01249,2026-07-18,West,19.08,Medium,1.84,19,127.5,149.32,False
ORD01250,2026-06-01,Central,5.05,Low,4.11,11,34.6,80.08,True
ORD01251,2026-06-13,East,4.99,High,0.34,13,53.9,54.46,True
ORD01252,2026-06-03,North,8.71,Low,5.55,12,50.9,105.51,True
ORD01253,2026-06-12,North,3.67,High,2.09,15,42.1,72.22,True
ORD01254,2026-06-29,West,10.76,High,3.36,19,92.0,99.32,False
ORD01255,2026-07-25,East,5.5,Medium,4.34,20,51.6,81.68,True
ORD01256,2026-07-01,North,11.75,Medium,1.12,12,81.7,123.71,False
ORD01257,2026-07-11,East,6.35,Medium,2.46,18,61.3,75.53,True
ORD01258,2026-07-06,North,8.65,Medium,2.05,19,55.8,112.47,True
ORD01259,2026-06-02,East,6.09,Low,0.88,12,49.9,54.69,True
ORD01260,2026-06-22,South,15.22,High,5.07,17,114.3,172.03,False
ORD01261,2026-06-22,Central,3.04,High,1.92,9,23.4,58.02,True
ORD01262,2026-07-11,South,15.5,High,0.85,19,133.1,118.36,False
ORD01263,2026-07-01,East,10.44,Low,2.58,18,67.3,118.71,True
ORD01264,2026-07-22,North,10.45,High,0.63,18,98.3,105.72,False
ORD01265,2026-07-26,North,10.11,Medium,1.72,12,73.0,119.5,True
ORD01266,2026-07-15,South,11.18,Low,3.11,19,64.4,97.31,False
ORD01267,2026-06-14,East,2.22,Low,0.57,14,24.7,33.65,True
ORD01268,2026-06-29,West,10.16,Low,3.93,9,54.7,121.81,True
ORD01269,2026-07-05,South,12.54,High,2.68,20,81.1,153.33,False
ORD01270,2026-07-20,West,10.85,Medium,4.36,13,76.4,125.76,True
ORD01271,2026-06-09,Central,0.5,Medium,4.32,14,31.5,60.16,True
ORD01272,2026-07-17,West,10.84,Low,1.68,12,66.3,98.4,True
ORD01273,2026-07-24,North,14.11,Medium,1.71,16,57.4,126.73,True
ORD01274,2026-07-02,East,11.74,Low,3.54,11,66.2,113.74,True
ORD01275,2026-07-29,North,8.81,Medium,0.96,20,47.9,97.35,True
ORD01276,2026-07-26,South,12.85,Medium,0.97,17,70.1,128.78,True
ORD01277,2026-06-27,Central,2.9,Low,1.49,8,28.9,57.34,True
ORD01278,2026-06-10,North,3.89,High,0.69,15,25.0,67.72,True
ORD01279,2026-06-25,East,5.23,Low,0.84,15,30.3,67.16,True
ORD01280,2026-07-19,West,15.69,Medium,0.87,14,91.8,151.53,False
ORD01281,2026-07-15,West,10.18,Medium,1.93,15,68.2,93.92,True
ORD01282,2026-07-03,East,7.27,Medium,1.85,9,45.0,102.02,True
ORD01283,2026-06-11,North,8.1,Low,4.82,10,52.0,94.3,True
ORD01284,2026-07-07,South,15.71,Low,1.95,16,74.2,140.52,False
ORD01285,2026-06-09,East,12.88,High,2.32,8,94.0,109.12,False
ORD01286,2026-06-07,North,15.66,Low,7.57,15,64.3,169.63,False
ORD01287,2026-06-07,South,9.52,High,0.19,15,80.1,94.27,False
ORD01288,2026-07-04,North,9.89,High,2.9,14,68.3,115.31,False
ORD01289,2026-06-19,North,4.45,Low,2.09,20,32.4,46.9,True
ORD01290,2026-06-20,South,14.43,Low,3.12,18,80.3,138.51,False
ORD01291,2026-07-20,North,5.5,Medium,1.57,12,50.6,77.16,True
ORD01292,2026-07-12,East,8.65,High,1.94,11,57.3,82.51,True
ORD01293,2026-06-25,West,7.71,High,5.71,17,61.4,110.48,True
ORD01294,2026-06-05,Central,2.23,Medium,3.5,17,29.6,31.65,True
ORD01295,2026-07-18,North,6.49,High,2.02,20,62.3,79.12,True
ORD01296,2026-06-29,North,7.18,Low,1.28,17,48.2,98.97,True
ORD01297,2026-07-25,North,7.38,High,0.96,17,65.5,80.38,True
ORD01298,2026-06-27,West,9.36,High,1.65,13,95.0,89.11,False
ORD01299,2026-06-25,West,13.5,Low,2.17,19,92.6,126.09,False
ORD01300,2026-07-07,North,5.69,Low,7.55,18,46.5,99.85,True
ORD01301,2026-06-15,Central,4.66,Low,2.74,8,31.7,82.56,True
ORD01302,2026-07-24,North,12.65,Low,1.42,20,55.5,119.77,True
ORD01303,2026-07-18,East,6.46,High,0.19,12,63.9,81.94,True
ORD01304,2026-06-04,West,8.85,Medium,1.25,11,41.7,93.86,True
ORD01305,2026-06-14,Central,3.31,Low,1.65,11,29.5,49.44,True
ORD01306,2026-07-26,West,14.54,Low,2.94,14,68.7,120.03,False
ORD01307,2026-07-19,Central,4.58,High,1.7,16,39.7,71.39,True
ORD01308,2026-06-17,South,8.41,Medium,7.79,15,44.5,87.7,True
ORD01309,2026-06-21,Central,5.45,Medium,2.05,18,49.2,52.86,True
ORD01310,2026-06-16,North,5.69,Low,4.93,20,28.3,70.93,True
ORD01311,2026-06-26,Central,6.04,High,0.51,19,65.0,80.0,True
ORD01312,2026-06-09,East,9.23,High,2.36,15,68.7,82.0,False
ORD01313,2026-06-02,Central,3.08,Low,1.26,12,31.9,60.93,True
ORD01314,2026-07-13,East,5.48,Low,5.03,13,36.6,74.39,True
ORD01315,2026-06-15,West,8.34,Low,1.8,9,53.8,90.01,True
ORD01316,2026-07-05,East,9.6,Low,5.82,20,53.5,116.12,True
ORD01317,2026-06-24,West,14.69,Medium,3.89,18,97.5,139.87,False
ORD01318,2026-07-18,North,7.09,High,1.61,10,60.0,75.07,True
ORD01319,2026-07-23,North,10.38,Medium,0.94,12,77.2,82.59,False
ORD01320,2026-07-21,South,3.74,High,1.33,9,51.5,60.21,True
ORD01321,2026-07-24,North,7.25,Medium,1.94,10,42.9,91.94,True
ORD01322,2026-07-08,Central,3.91,Medium,3.88,11,25.5,79.84,True
ORD01323,2026-06-14,North,6.27,Medium,2.42,13,56.5,81.91,True
ORD01324,2026-07-07,Central,1.19,Low,4.38,12,33.2,59.23,True
ORD01325,2026-07-07,South,8.0,Medium,6.13,17,73.6,98.47,False
ORD01326,2026-06-06,North,9.88,Medium,2.52,11,86.2,110.18,False
ORD01327,2026-06-18,Central,3.44,Low,1.04,20,14.7,61.67,True
ORD01328,2026-06-22,West,4.29,Medium,3.22,9,35.3,67.8,True
ORD01329,2026-06-18,East,1.64,Medium,8.35,19,23.8,76.29,True
ORD01330,2026-07-21,East,6.18,High,4.55,18,65.1,88.95,False
ORD01331,2026-06-02,West,12.37,Medium,3.05,12,110.2,128.71,False
ORD01332,2026-07-02,South,1.76,High,1.17,12,23.1,27.81,True
ORD01333,2026-06-17,Central,2.5,Medium,2.11,18,31.7,36.35,True
ORD01334,2026-07-30,Central,2.42,High,0.55,14,24.1,29.91,True
ORD01335,2026-06-01,West,15.17,Medium,0.89,8,71.0,126.97,True
ORD01336,2026-06-09,North,7.84,High,3.27,11,75.6,100.19,False
ORD01337,2026-06-13,West,12.15,Medium,0.43,18,73.9,83.82,False
ORD01338,2026-07-06,North,9.42,Medium,1.87,12,71.3,100.24,False
ORD01339,2026-07-07,North,2.61,Medium,0.8,15,27.4,64.64,True
ORD01340,2026-07-28,South,12.3,Medium,0.93,19,87.4,117.16,False
ORD01341,2026-06-30,East,8.65,Low,2.56,19,54.0,72.73,True
ORD01342,2026-07-01,Central,5.52,Low,1.33,15,47.1,77.75,True
ORD01343,2026-06-23,West,22.78,Low,0.65,8,71.7,183.7,False
ORD01344,2026-07-20,West,4.75,High,1.56,12,56.4,63.3,True
ORD01345,2026-06-28,East,13.17,Low,0.63,17,61.7,120.46,True
ORD01346,2026-07-29,South,9.14,Low,5.58,8,52.7,96.08,True
ORD01347,2026-06-10,South,10.86,Medium,4.03,8,58.0,118.14,True
ORD01348,2026-06-25,Central,3.86,Low,4.01,9,41.4,77.7,True
ORD01349,2026-07-30,North,7.73,Medium,1.22,9,57.7,77.04,True
ORD01350,2026-07-06,Central,2.29,Low,3.35,16,19.1,53.31,True
ORD01351,2026-06-26,East,8.99,High,2.84,11,57.4,93.54,True
ORD01352,2026-06-26,East,3.45,High,1.3,10,24.1,52.17,True
ORD01353,2026-07-15,West,13.25,High,2.31,18,120.3,115.88,False
ORD01354,2026-06-13,East,6.75,Medium,0.52,8,44.0,66.82,True
ORD01355,2026-06-17,Central,0.61,High,0.97,19,17.8,44.23,True
ORD01356,2026-07-10,Central,2.65,Low,2.26,9,42.6,35.8,True
ORD01357,2026-06-04,East,11.77,Low,1.64,13,65.9,115.6,True
ORD01358,2026-06-23,South,8.39,Low,3.14,16,46.8,103.92,True
ORD01359,2026-07-05,East,9.08,Medium,1.33,12,67.8,78.34,True
ORD01360,2026-06-11,Central,1.81,Medium,1.84,11,40.2,48.56,True
ORD01361,2026-06-12,North,11.27,Medium,2.41,20,48.6,102.4,True
ORD01362,2026-06-09,West,13.06,Low,1.24,12,72.4,133.71,False
ORD01363,2026-06-15,West,16.55,Medium,1.82,16,90.7,142.72,False
ORD01364,2026-07-15,West,10.47,Medium,2.83,19,77.3,127.64,False
ORD01365,2026-07-07,North,11.01,Medium,6.66,20,57.7,145.38,True
ORD01366,2026-06-05,West,11.29,Medium,1.25,14,64.8,112.35,True
ORD01367,2026-06-19,Central,7.89,Low,1.64,15,29.1,113.87,True
ORD01368,2026-06-11,North,6.84,High,4.52,11,62.6,74.57,True
ORD01369,2026-06-09,South,12.24,Medium,5.3,18,88.8,149.13,False
ORD01370,2026-07-05,Central,3.42,Low,3.58,15,25.2,64.02,True
ORD01371,2026-07-20,North,8.81,Low,5.21,13,68.6,107.61,True
ORD01372,2026-06-27,Central,4.28,Medium,1.18,12,33.2,57.21,True
ORD01373,2026-06-13,East,8.76,High,4.87,20,55.7,89.97,True
ORD01374,2026-07-27,South,9.65,Medium,4.13,19,68.5,116.91,False
ORD01375,2026-07-30,Central,4.64,Low,0.92,14,47.2,49.16,True
ORD01376,2026-06-12,East,12.73,High,1.86,13,106.0,113.49,False
ORD01377,2026-06-09,East,10.96,Medium,0.25,10,63.8,95.71,True
ORD01378,2026-07-12,South,12.61,Medium,2.68,12,98.1,135.15,False
ORD01379,2026-06-28,East,6.63,Medium,4.81,16,40.4,92.43,True
ORD01380,2026-06-13,North,6.33,Low,1.58,14,29.5,48.47,True
ORD01381,2026-06-20,South,12.87,Medium,1.02,19,92.5,107.12,False
ORD01382,2026-07-22,Central,6.63,Medium,0.96,11,45.4,58.37,True
ORD01383,2026-06-13,South,14.42,High,2.38,14,106.8,139.74,False
ORD01384,2026-06-27,West,9.19,Medium,3.56,12,66.3,90.48,False
ORD01385,2026-06-26,South,9.31,Medium,6.75,18,73.6,111.6,False
ORD01386,2026-06-29,West,6.08,Medium,0.23,20,63.3,91.5,True
ORD01387,2026-06-29,North,7.82,High,6.21,9,50.0,114.57,True
ORD01388,2026-06-22,Central,6.99,High,2.79,20,40.1,73.18,True
ORD01389,2026-06-09,East,6.6,Medium,4.66,13,47.5,102.38,True
ORD01390,2026-06-24,South,11.92,Medium,3.96,14,77.8,115.51,False
ORD01391,2026-07-12,North,8.43,Medium,2.49,15,49.3,105.11,True
ORD01392,2026-06-19,North,9.97,Medium,2.42,13,72.2,100.04,False
ORD01393,2026-07-08,East,4.56,Low,3.2,15,25.4,61.54,True
ORD01394,2026-07-01,South,10.26,Medium,1.98,14,67.2,92.34,True
ORD01395,2026-07-09,Central,0.5,Low,2.11,9,8.0,45.56,True
ORD01396,2026-06-15,East,7.44,High,3.68,13,71.1,104.77,True
ORD01397,2026-07-24,South,5.11,Low,1.24,16,25.3,72.88,True
ORD01398,2026-07-02,West,14.62,High,4.96,19,110.4,140.66,False
ORD01399,2026-07-21,West,13.33,Medium,4.69,13,94.0,114.79,False
ORD01400,2026-07-16,North,10.4,Medium,1.65,11,59.6,96.86,True
ORD01401,2026-07-18,North,13.56,Medium,3.71,14,69.3,118.72,True
ORD01402,2026-07-16,North,6.15,Low,3.38,10,36.3,100.61,True
ORD01403,2026-06-29,West,16.24,Medium,1.51,12,109.3,137.13,False
ORD01404,2026-07-27,West,13.8,Low,3.9,8,62.4,139.66,True
ORD01405,2026-07-22,East,7.29,Medium,6.51,17,44.1,100.61,True
ORD01406,2026-07-04,Central,7.41,Medium,5.08,10,42.5,104.64,True
ORD01407,2026-06-09,Central,0.68,High,0.64,15,19.8,45.73,True
ORD01408,2026-07-05,East,5.53,Low,3.46,16,24.7,108.4,True
ORD01409,2026-06-06,Central,2.17,Low,4.54,16,25.2,57.73,True
ORD01410,2026-07-07,North,7.41,Medium,1.43,17,60.5,96.71,True
ORD01411,2026-06-14,North,5.83,High,4.96,9,51.9,92.06,True
ORD01412,2026-07-17,South,13.67,Medium,1.3,11,58.7,117.37,True
ORD01413,2026-07-20,North,8.22,Medium,1.96,12,66.5,85.6,True
ORD01414,2026-07-19,East,9.06,Medium,1.34,10,60.7,100.15,True
ORD01415,2026-06-09,Central,2.29,Low,1.16,20,17.2,46.19,True
ORD01416,2026-06-19,North,3.54,High,3.2,18,43.1,67.7,True
ORD01417,2026-06-23,North,9.81,Medium,0.71,8,49.6,104.72,True
ORD01418,2026-07-27,East,2.26,Low,2.05,13,23.7,83.26,True
ORD01419,2026-07-11,Central,3.79,Medium,3.2,17,29.0,68.49,True
ORD01420,2026-06-28,South,5.9,Low,1.36,9,38.8,60.49,True
ORD01421,2026-06-16,East,13.96,High,5.55,16,110.3,148.84,False
ORD01422,2026-06-26,North,11.73,Low,2.18,8,55.4,109.62,True
ORD01423,2026-07-08,North,9.32,Medium,7.2,18,64.8,143.53,False
ORD01424,2026-07-10,Central,7.79,Low,0.63,16,60.9,77.32,True
ORD01425,2026-06-25,Central,1.46,Medium,3.29,14,29.4,53.54,True
ORD01426,2026-07-05,North,10.63,High,2.84,18,105.4,118.5,False
ORD01427,2026-07-24,Central,4.6,Medium,1.8,20,35.6,73.35,True
ORD01428,2026-06-05,West,11.79,Medium,2.5,17,68.7,133.83,True
ORD01429,2026-06-07,Central,7.82,High,3.65,9,58.8,104.15,True
ORD01430,2026-06-23,East,10.2,Low,4.14,13,72.5,141.79,True
ORD01431,2026-06-25,East,8.87,Low,2.24,15,42.0,102.43,True
ORD01432,2026-06-01,East,3.04,Low,3.32,9,32.3,79.26,True
ORD01433,2026-06-22,West,8.12,High,1.24,12,86.0,82.36,False
ORD01434,2026-07-23,North,8.63,Medium,4.2,20,65.5,127.45,True
ORD01435,2026-06-04,North,9.28,Medium,6.28,19,84.2,112.52,False
ORD01436,2026-07-28,South,6.61,Medium,4.42,18,50.2,109.36,True
ORD01437,2026-06-28,West,18.24,Low,1.34,13,110.7,164.86,False
ORD01438,2026-07-18,North,13.55,Low,1.07,10,64.8,123.36,True
ORD01439,2026-07-29,West,12.81,Low,10.21,19,86.0,174.07,False
ORD01440,2026-06-14,Central,4.22,Medium,6.01,9,42.5,82.5,True
ORD01441,2026-07-03,North,8.36,Low,4.15,18,55.8,118.21,True
ORD01442,2026-06-04,West,8.14,Low,6.56,13,55.0,115.03,True
ORD01443,2026-07-12,East,8.23,High,2.44,10,59.5,89.23,True
ORD01444,2026-06-11,Central,4.77,High,4.1,9,55.8,82.09,True
ORD01445,2026-07-09,North,5.27,Low,5.51,8,38.6,87.84,True
ORD01446,2026-07-02,West,12.0,Low,1.98,15,57.8,111.02,True
ORD01447,2026-06-04,Central,3.53,Low,3.46,8,30.6,70.3,True
ORD01448,2026-06-01,Central,0.5,Medium,5.1,19,18.2,59.51,True
ORD01449,2026-06-26,West,8.42,High,1.0,12,63.0,59.47,True
ORD01450,2026-07-03,East,6.76,Low,1.82,18,53.4,87.6,True
ORD01451,2026-06-17,West,16.66,Low,5.03,13,100.5,168.33,False
ORD01452,2026-06-27,Central,5.67,High,2.89,18,61.3,96.41,False
ORD01453,2026-07-12,East,3.99,Medium,2.62,19,32.4,52.13,True
ORD01454,2026-06-05,North,10.46,Low,2.39,19,79.0,95.81,False
ORD01455,2026-06-07,Central,0.5,Medium,5.38,10,20.3,58.36,True
ORD01456,2026-06-25,West,14.25,Low,1.1,14,63.8,118.68,False
ORD01457,2026-06-08,West,9.59,Medium,1.73,9,51.2,85.3,True
ORD01458,2026-07-04,North,8.72,High,0.7,14,52.4,84.65,True
ORD01459,2026-07-11,West,14.98,High,1.93,9,103.3,131.14,False
ORD01460,2026-06-04,South,6.14,Medium,2.79,12,41.8,69.43,True
ORD01461,2026-06-12,West,6.81,High,0.36,14,54.3,63.5,True
ORD01462,2026-07-28,North,7.25,Medium,1.25,18,60.4,80.91,True
ORD01463,2026-07-01,West,14.12,High,2.89,18,116.7,116.5,False
ORD01464,2026-06-11,Central,0.5,Medium,3.42,10,10.5,30.04,True
ORD01465,2026-07-07,North,0.5,High,7.54,18,21.0,65.8,True
ORD01466,2026-07-14,Central,2.65,High,3.79,11,28.5,81.19,True
ORD01467,2026-07-29,South,11.66,Low,2.17,8,42.4,123.67,True
ORD01468,2026-07-23,Central,7.6,High,2.73,10,50.4,105.54,True
ORD01469,2026-07-06,Central,2.61,High,2.8,16,32.9,37.07,True
ORD01470,2026-07-15,East,6.77,High,1.73,17,69.6,64.34,True
ORD01471,2026-06-22,West,14.46,Low,2.98,12,91.1,136.64,False
ORD01472,2026-06-01,Central,0.5,High,1.66,15,20.8,50.26,True
ORD01473,2026-07-20,South,8.83,High,3.09,9,75.5,108.06,False
ORD01474,2026-06-04,South,10.57,Low,2.39,10,60.7,92.62,True
ORD01475,2026-07-06,West,12.35,High,2.1,14,82.0,132.71,False
ORD01476,2026-06-08,Central,2.47,Low,2.14,17,27.3,54.07,True
ORD01477,2026-06-25,West,11.1,Low,4.24,11,63.0,129.31,True
ORD01478,2026-06-28,Central,0.5,Medium,3.96,16,30.4,42.62,True
ORD01479,2026-07-22,East,6.03,Medium,2.01,14,51.3,59.08,True
ORD01480,2026-07-08,Central,5.36,Medium,4.12,18,42.5,92.3,True
ORD01481,2026-07-06,North,6.05,Low,2.35,19,54.1,84.85,True
ORD01482,2026-07-06,East,8.18,High,2.38,8,77.0,78.2,False
ORD01483,2026-07-30,North,10.34,Low,1.73,11,61.9,96.46,True
ORD01484,2026-07-13,South,8.97,Low,7.03,17,42.8,126.08,True
ORD01485,2026-07-30,South,10.51,Low,6.55,18,58.6,128.31,True
ORD01486,2026-07-11,South,7.11,Medium,1.44,13,61.7,88.3,True
ORD01487,2026-07-16,West,10.38,High,1.92,13,108.0,99.24,False
ORD01488,2026-06-04,South,11.83,Medium,3.26,17,69.6,137.67,True
ORD01489,2026-06-13,East,8.47,High,3.7,13,81.7,99.27,False
ORD01490,2026-07-08,South,8.24,Low,1.02,12,52.3,59.44,True
ORD01491,2026-07-15,South,10.67,Medium,1.18,10,68.9,105.61,True
ORD01492,2026-06-25,South,12.14,Medium,3.71,9,67.0,131.78,True
ORD01493,2026-06-03,North,2.85,Medium,0.64,10,31.4,54.78,True
ORD01494,2026-07-25,West,14.48,Low,1.45,16,61.9,125.07,True
ORD01495,2026-07-02,West,9.99,Medium,4.56,10,54.5,90.65,True
ORD01496,2026-07-09,West,12.28,Medium,4.42,10,63.2,120.56,True
ORD01497,2026-06-01,East,11.59,High,6.78,8,89.7,127.16,False
ORD01498,2026-06-11,South,5.88,Medium,8.29,9,27.0,95.16,True
ORD01499,2026-06-02,Central,1.87,Low,12.93,18,41.4,103.82,True
ORD01500,2026-06-05,East,7.13,Medium,1.87,19,57.2,80.23,True
ORD01501,2026-07-26,East,5.65,Low,1.53,10,42.3,89.72,True
ORD01502,2026-06-22,North,14.2,High,3.36,9,100.8,133.74,False
ORD01503,2026-07-16,South,7.43,Medium,0.72,15,47.1,95.91,True
ORD01504,2026-06-13,South,8.33,Low,2.07,13,46.1,95.43,True
ORD01505,2026-07-18,South,10.61,High,2.78,14,67.7,113.83,False
ORD01506,2026-06-23,East,4.39,Medium,3.54,8,32.0,65.23,True
ORD01507,2026-07-17,East,6.81,Low,3.81,13,56.7,74.08,True
ORD01508,2026-07-01,West,11.95,Medium,2.02,9,81.1,115.29,False
ORD01509,2026-07-05,West,10.0,Low,0.83,20,50.6,118.74,True
ORD01510,2026-07-08,Central,3.72,High,1.01,13,39.7,52.92,True
ORD01511,2026-07-11,West,9.41,High,0.31,10,62.7,85.07,False
ORD01512,2026-07-05,Central,0.5,High,1.58,14,15.9,37.82,True
ORD01513,2026-07-15,North,9.96,Medium,0.7,10,65.5,118.93,True
ORD01514,2026-06-13,North,14.26,Medium,1.67,16,72.5,139.18,False
ORD01515,2026-07-24,North,9.06,High,3.33,10,67.6,117.42,True
ORD01516,2026-06-07,West,11.68,Low,0.85,14,64.1,85.7,True
ORD01517,2026-06-05,Central,6.08,Medium,2.67,19,48.8,70.83,True
ORD01518,2026-07-28,South,6.19,Medium,2.0,11,47.4,69.17,True
ORD01519,2026-06-29,Central,9.11,Low,3.21,15,54.9,116.31,True
ORD01520,2026-06-08,North,9.61,Medium,3.76,9,59.6,116.16,True
ORD01521,2026-06-08,Central,8.9,High,1.9,15,81.1,108.47,False
ORD01522,2026-07-24,South,7.8,High,2.5,16,73.5,68.7,True
ORD01523,2026-06-07,North,14.45,Low,2.0,20,65.6,145.68,False
ORD01524,2026-06-19,East,10.33,Low,1.72,15,43.5,112.25,True
ORD01525,2026-07-09,South,11.66,Low,1.39,13,62.7,100.53,False
ORD01526,2026-06-23,South,10.7,High,3.52,17,78.8,111.98,False
ORD01527,2026-07-06,South,9.25,Low,5.99,8,42.5,104.59,True
ORD01528,2026-07-12,Central,7.6,Medium,5.52,14,54.8,101.44,True
ORD01529,2026-07-02,East,8.42,Low,0.77,8,56.3,93.36,True
ORD01530,2026-07-15,South,4.1,Medium,5.92,14,39.1,98.36,True
ORD01531,2026-06-04,West,7.65,Medium,1.12,9,47.9,73.15,True
ORD01532,2026-06-30,West,10.44,High,2.79,15,81.7,103.96,False
ORD01533,2026-07-21,South,10.93,Low,3.16,9,57.7,101.08,True
ORD01534,2026-07-12,South,9.83,Medium,0.59,10,47.4,105.57,True
ORD01535,2026-07-09,North,12.66,Low,2.18,20,54.3,102.52,True
ORD01536,2026-06-05,North,3.15,Medium,6.17,19,55.3,78.49,True
ORD01537,2026-06-03,West,11.43,High,0.19,10,80.0,90.39,False
ORD01538,2026-06-22,North,3.55,Low,10.72,8,30.1,98.62,True
ORD01539,2026-06-28,East,10.28,High,0.3,12,92.1,111.95,False
ORD01540,2026-06-22,West,10.72,Medium,3.1,12,66.6,106.54,False
ORD01541,2026-06-22,North,10.26,Low,0.62,17,33.7,101.94,True
ORD01542,2026-07-04,East,5.41,Medium,3.46,12,58.2,68.97,True
ORD01543,2026-06-29,South,13.84,Low,5.36,20,65.1,141.11,True
ORD01544,2026-07-13,Central,7.13,Medium,4.41,16,53.6,76.14,True
ORD01545,2026-07-12,East,9.75,High,4.91,13,103.9,122.49,False
ORD01546,2026-07-30,Central,3.61,Low,2.01,13,36.1,56.93,True
ORD01547,2026-07-25,East,9.74,Medium,6.14,10,68.1,116.59,False
ORD01548,2026-06-13,North,6.88,High,9.17,12,79.5,114.06,False
ORD01549,2026-06-07,West,13.57,High,2.68,17,102.0,105.84,False
ORD01550,2026-06-10,Central,8.95,Medium,1.83,14,68.4,87.54,True
ORD01551,2026-06-28,West,14.21,High,1.27,10,95.3,129.33,False
ORD01552,2026-06-04,Central,1.81,Medium,4.21,9,28.4,57.54,True
ORD01553,2026-07-29,Central,5.08,Medium,5.07,12,52.7,110.47,True
ORD01554,2026-07-02,South,6.12,High,1.83,10,49.5,92.57,True
ORD01555,2026-06-22,North,10.72,Medium,7.04,12,82.0,130.9,False
ORD01556,2026-06-20,West,12.35,Medium,3.97,16,79.1,114.69,False
ORD01557,2026-07-18,South,4.39,Medium,2.66,18,40.3,63.77,True
ORD01558,2026-06-20,Central,0.51,High,3.17,17,17.6,54.56,True
ORD01559,2026-06-06,Central,3.15,High,1.03,8,40.5,55.72,True
ORD01560,2026-06-09,South,9.1,Medium,4.18,11,65.2,122.0,False
ORD01561,2026-06-28,South,6.37,Low,1.1,17,55.3,76.86,True
ORD01562,2026-06-13,Central,5.17,Medium,1.65,12,56.7,71.91,True
ORD01563,2026-07-01,South,10.75,Medium,2.36,9,69.0,129.31,False
ORD01564,2026-07-09,Central,3.42,Low,8.23,19,47.1,73.62,True
ORD01565,2026-07-20,East,5.73,High,2.99,9,48.3,100.63,True
ORD01566,2026-06-14,West,14.15,Medium,1.2,8,79.7,136.23,False
ORD01567,2026-06-22,North,13.97,Low,3.18,15,68.1,172.96,False
ORD01568,2026-07-07,West,9.55,Low,3.8,9,45.4,99.61,True
ORD01569,2026-07-24,East,6.16,Low,5.65,10,40.5,113.35,True
ORD01570,2026-07-15,East,9.47,High,2.45,19,97.5,103.48,False
ORD01571,2026-06-24,North,7.93,Low,1.37,9,41.7,85.05,True
ORD01572,2026-06-08,West,10.58,Low,9.69,11,64.4,143.14,True
ORD01573,2026-06-15,Central,6.22,Medium,3.19,8,51.6,85.32,True
ORD01574,2026-07-21,North,3.27,Low,1.21,10,33.6,47.0,True
ORD01575,2026-07-11,North,12.95,Low,2.44,12,89.6,122.88,False
ORD01576,2026-06-06,North,9.22,Low,1.65,17,41.7,100.53,True
ORD01577,2026-06-23,West,9.77,Medium,5.88,8,75.2,113.07,False
ORD01578,2026-06-25,West,10.73,Medium,3.78,11,67.6,122.12,False
ORD01579,2026-07-01,East,7.89,Medium,1.94,13,69.7,85.87,True
ORD01580,2026-07-16,South,4.81,Medium,5.07,11,46.1,88.04,True
ORD01581,2026-06-29,South,14.48,High,2.29,14,101.5,137.82,False
ORD01582,2026-06-23,East,8.12,Medium,2.39,14,46.3,98.26,True
ORD01583,2026-06-10,East,9.33,Low,1.33,13,64.6,80.04,True
ORD01584,2026-06-09,Central,6.85,Low,1.32,16,26.9,93.26,True
ORD01585,2026-07-19,North,5.94,Medium,9.27,9,66.7,97.13,True
ORD01586,2026-06-13,West,12.42,High,4.91,20,91.0,129.12,False
ORD01587,2026-07-02,South,9.2,Low,0.38,17,54.1,83.63,True
ORD01588,2026-07-19,East,10.54,Medium,1.07,15,65.5,103.86,True
ORD01589,2026-07-21,West,4.62,Low,0.88,15,31.0,62.38,True
ORD01590,2026-07-15,West,10.7,Medium,2.62,18,75.9,118.39,False
ORD01591,2026-07-11,Central,2.19,High,1.78,17,23.0,52.25,True
ORD01592,2026-06-01,North,10.3,Low,6.68,18,74.7,120.28,False
ORD01593,2026-06-01,North,10.41,Medium,1.92,11,66.2,84.16,True
ORD01594,2026-07-07,West,8.88,Low,8.65,13,68.8,134.64,True
ORD01595,2026-07-10,East,5.86,Medium,2.34,18,50.8,84.15,True
ORD01596,2026-06-18,South,9.67,Low,9.9,13,72.5,145.52,True
ORD01597,2026-07-06,North,6.31,High,2.13,12,62.0,77.74,False
ORD01598,2026-07-01,North,11.53,Low,2.16,8,48.8,118.27,True
ORD01599,2026-07-24,Central,2.89,High,4.84,10,33.8,61.29,True
ORD01600,2026-06-01,North,0.5,Medium,4.36,14,20.0,42.62,True
ORD01601,2026-07-17,South,8.88,Medium,0.74,15,64.4,87.4,False
ORD01602,2026-07-22,South,6.88,Low,2.67,9,29.0,97.02,True
ORD01603,2026-07-06,South,5.11,High,1.77,10,44.5,67.33,True
ORD01604,2026-07-27,North,5.29,Low,1.67,11,38.8,70.74,True
ORD01605,2026-06-09,East,8.33,Low,2.66,18,71.1,98.21,True
ORD01606,2026-06-22,North,12.99,Medium,1.98,12,87.9,123.03,False
ORD01607,2026-07-26,Central,4.94,Low,2.87,10,25.0,86.33,True
ORD01608,2026-06-28,South,8.18,Low,1.03,12,58.6,78.52,True
ORD01609,2026-06-26,East,9.37,High,0.57,15,67.9,94.48,True
ORD01610,2026-07-22,Central,2.62,High,4.97,15,33.0,73.61,True
ORD01611,2026-06-10,West,8.92,Medium,5.5,9,61.6,91.35,True
ORD01612,2026-07-26,East,4.54,High,4.76,13,61.7,82.67,True
ORD01613,2026-07-17,South,4.74,Medium,2.57,11,43.5,87.74,True
ORD01614,2026-06-03,South,8.83,Low,1.86,16,47.7,91.0,True
ORD01615,2026-06-02,West,11.47,Medium,1.48,17,74.9,97.78,False
ORD01616,2026-07-24,Central,3.71,Medium,1.26,9,33.4,65.01,True
ORD01617,2026-07-07,West,9.75,High,2.34,15,71.0,105.37,True
ORD01618,2026-07-26,East,5.16,Low,5.41,8,43.2,104.55,True
ORD01619,2026-07-01,West,12.82,Medium,1.38,18,81.1,124.41,False
ORD01620,2026-07-03,East,4.05,Low,5.42,13,44.0,67.76,True
ORD01621,2026-07-02,North,11.33,Low,0.61,18,64.0,94.33,True
ORD01622,2026-07-13,East,4.99,Low,2.98,18,30.0,85.29,True
ORD01623,2026-06-12,Central,1.74,High,3.45,19,35.5,60.1,True
ORD01624,2026-07-28,North,4.6,High,1.62,17,38.1,66.0,True
ORD01625,2026-06-03,West,9.5,High,0.97,20,54.8,97.87,True
ORD01626,2026-07-25,North,11.93,Medium,4.52,8,62.6,131.81,True
ORD01627,2026-07-18,East,9.55,Low,2.58,9,61.9,107.36,True
ORD01628,2026-06-26,North,11.94,Low,11.87,10,61.8,139.37,True
ORD01629,2026-06-14,East,9.57,Low,5.47,16,54.2,129.76,True
ORD01630,2026-06-12,West,7.69,Medium,5.49,12,57.1,118.44,True
ORD01631,2026-07-22,South,9.01,High,0.14,17,81.0,110.86,False
ORD01632,2026-06-26,West,8.66,Medium,1.4,17,53.1,111.28,True
ORD01633,2026-06-16,Central,7.99,Low,0.86,19,46.3,102.63,True
ORD01634,2026-07-23,Central,0.5,Low,0.29,9,24.0,31.03,True
ORD01635,2026-06-08,South,12.68,Low,2.43,17,74.7,126.25,False
ORD01636,2026-07-19,South,12.68,Medium,4.44,12,90.5,145.06,False
ORD01637,2026-07-19,North,14.49,High,1.06,12,120.9,107.02,False
ORD01638,2026-06-28,Central,2.77,Medium,0.31,8,45.2,46.69,True
ORD01639,2026-06-07,Central,6.14,High,1.14,10,48.7,54.21,True
ORD01640,2026-06-15,East,14.84,Medium,2.2,12,102.0,139.1,False
ORD01641,2026-07-30,Central,2.15,Medium,2.08,16,9.1,67.88,True
ORD01642,2026-07-11,East,3.39,Low,2.52,17,28.4,62.88,True
ORD01643,2026-07-06,West,5.36,High,3.4,8,37.1,72.29,True
ORD01644,2026-06-08,North,11.14,High,2.47,15,73.8,116.17,False
ORD01645,2026-06-10,West,5.35,Low,4.62,8,21.1,89.13,True
ORD01646,2026-06-15,North,7.88,Medium,1.08,16,58.9,91.57,True
ORD01647,2026-07-25,Central,5.31,Medium,2.01,13,36.4,58.39,True
ORD01648,2026-06-18,Central,4.56,Medium,3.81,8,22.6,78.53,True
ORD01649,2026-07-16,West,12.28,High,3.09,15,77.9,124.98,True
ORD01650,2026-07-07,North,9.67,Medium,7.99,12,90.1,137.77,False
ORD01651,2026-07-11,South,13.84,Medium,1.12,14,70.2,123.73,True
ORD01652,2026-07-15,South,7.14,Low,3.86,14,39.6,116.33,True
ORD01653,2026-07-27,South,7.97,Low,1.47,14,45.9,88.96,True
ORD01654,2026-07-21,North,6.68,Low,1.33,13,45.2,73.28,True
ORD01655,2026-07-13,Central,6.49,Low,5.24,18,59.7,82.16,True
ORD01656,2026-07-14,East,10.7,Medium,2.45,15,60.3,103.68,True
ORD01657,2026-07-05,South,11.35,Medium,3.05,16,63.8,107.02,True
ORD01658,2026-06-02,South,13.55,Low,1.57,19,95.5,122.8,False
ORD01659,2026-07-25,East,4.47,High,1.64,9,41.5,86.16,True
ORD01660,2026-06-22,West,16.0,Low,0.56,14,68.7,118.85,True
ORD01661,2026-06-15,East,12.57,Low,2.87,9,56.7,107.09,True
ORD01662,2026-07-07,Central,6.21,Low,0.98,13,24.5,71.65,True
ORD01663,2026-07-09,East,13.35,Medium,2.24,9,80.0,109.8,False
ORD01664,2026-07-06,Central,0.5,Low,4.61,17,35.0,40.83,True
ORD01665,2026-06-05,Central,2.43,Medium,0.4,13,39.6,51.52,True
ORD01666,2026-07-27,North,6.79,Medium,13.93,9,54.1,132.04,True
ORD01667,2026-07-18,Central,6.16,High,1.31,8,48.6,80.83,True
ORD01668,2026-06-15,North,5.85,Low,2.29,14,39.0,84.73,True
ORD01669,2026-06-27,Central,6.27,Low,3.04,10,40.9,99.65,True
ORD01670,2026-06-16,South,14.11,Low,1.27,19,85.1,131.61,False
ORD01671,2026-07-27,Central,6.09,Medium,1.69,20,43.8,91.11,True
ORD01672,2026-07-06,Central,4.85,Low,5.36,11,33.5,85.33,True
ORD01673,2026-07-08,Central,1.04,High,4.27,20,26.4,59.36,True
ORD01674,2026-06-18,Central,1.46,Medium,2.04,13,33.7,52.58,True
ORD01675,2026-07-05,South,13.75,Medium,2.5,12,121.2,133.28,False
ORD01676,2026-06-25,North,11.34,Medium,2.78,11,61.2,117.84,True
ORD01677,2026-06-22,South,9.88,Low,3.74,16,52.5,131.8,True
ORD01678,2026-07-26,North,7.75,Low,3.94,13,51.1,105.28,True
ORD01679,2026-07-01,West,4.92,Low,3.86,13,43.8,72.84,True
ORD01680,2026-07-29,South,6.79,Medium,1.79,9,53.0,109.76,True
ORD01681,2026-07-07,Central,9.73,Low,2.71,13,59.9,100.13,True
ORD01682,2026-07-04,West,7.16,Low,4.97,14,27.0,97.34,True
ORD01683,2026-06-23,Central,4.57,High,9.67,15,58.7,90.34,True
ORD01684,2026-06-16,North,12.02,Low,2.66,15,57.4,127.92,True
ORD01685,2026-06-06,Central,0.5,High,1.59,16,16.7,60.21,True
ORD01686,2026-07-29,Central,4.55,High,1.25,17,36.6,46.96,True
ORD01687,2026-06-15,East,10.81,Low,3.88,18,70.2,113.26,False
ORD01688,2026-06-18,West,11.04,Low,0.53,20,45.3,117.37,True
ORD01689,2026-07-08,West,19.61,Low,3.91,19,102.5,161.14,False
ORD01690,2026-06-13,North,3.99,Medium,3.96,10,26.0,79.49,True
ORD01691,2026-06-24,East,11.18,Medium,1.64,17,57.8,93.92,True
ORD01692,2026-06-13,South,9.48,High,2.99,14,74.9,109.08,False
ORD01693,2026-06-01,North,11.32,High,2.1,14,67.8,113.31,False
ORD01694,2026-07-18,South,11.32,Medium,0.71,8,72.1,146.4,False
ORD01695,2026-07-06,North,6.8,Low,3.71,15,31.4,98.72,True
ORD01696,2026-07-19,North,9.69,Low,3.48,11,51.0,81.51,True
ORD01697,2026-06-18,North,3.43,High,1.75,12,46.9,58.72,True
ORD01698,2026-07-18,Central,5.81,Low,9.57,13,58.2,117.85,True
ORD01699,2026-07-03,East,8.89,Low,2.51,10,52.8,93.4,True
ORD01700,2026-07-08,Central,5.92,Medium,0.36,12,49.2,64.49,True
ORD01701,2026-07-13,East,11.17,Medium,5.15,17,65.8,119.37,True
ORD01702,2026-06-06,South,11.1,High,4.36,12,109.1,127.05,False
ORD01703,2026-06-17,East,8.44,Medium,4.72,8,57.5,89.65,True
ORD01704,2026-06-04,East,5.36,Low,1.03,10,30.5,62.41,True
ORD01705,2026-06-14,North,6.86,High,2.94,10,58.5,99.36,True
ORD01706,2026-06-30,West,14.56,Low,2.48,8,63.0,129.21,True
ORD01707,2026-07-16,North,13.31,Low,2.18,20,55.2,119.1,True
ORD01708,2026-06-20,West,10.29,Medium,6.09,14,61.5,105.92,True
ORD01709,2026-06-08,West,11.14,Low,2.54,8,57.3,120.82,True
ORD01710,2026-07-24,North,6.29,Medium,1.8,14,35.7,83.53,True
ORD01711,2026-06-02,North,12.52,Low,1.79,11,65.9,130.56,True
ORD01712,2026-07-07,Central,6.0,Medium,0.96,16,36.5,71.65,True
ORD01713,2026-06-04,East,13.82,Medium,2.73,14,57.4,135.11,True
ORD01714,2026-06-10,North,6.37,High,6.41,12,74.9,101.98,True
ORD01715,2026-06-20,Central,2.87,High,1.92,14,11.1,39.59,True
ORD01716,2026-07-30,North,9.69,Low,3.06,16,41.3,134.11,True
ORD01717,2026-07-26,West,12.94,Medium,2.15,17,90.6,134.87,False
ORD01718,2026-07-23,Central,3.35,Medium,2.34,13,45.6,62.57,True
ORD01719,2026-07-05,South,7.38,Low,4.49,8,51.4,94.14,True
ORD01720,2026-07-18,North,11.64,High,0.95,13,95.8,125.56,False
ORD01721,2026-06-10,North,11.16,Medium,0.59,8,60.6,106.19,True
ORD01722,2026-06-28,South,7.25,Low,5.16,20,53.8,109.77,True
ORD01723,2026-06-15,North,13.07,Medium,1.6,19,98.0,114.71,False
ORD01724,2026-07-06,West,14.51,Low,1.82,11,72.5,121.46,True
ORD01725,2026-06-01,North,9.4,Medium,10.93,15,80.4,135.08,False
ORD01726,2026-06-22,East,8.24,Low,4.34,12,62.0,101.91,True
ORD01727,2026-06-27,Central,5.66,High,1.17,12,49.6,76.8,True
ORD01728,2026-06-29,Central,1.41,High,5.41,20,33.4,79.52,True
ORD01729,2026-06-15,West,11.09,Medium,4.41,17,64.1,133.95,True
ORD01730,2026-06-10,South,3.54,Medium,0.03,18,25.3,68.97,True
ORD01731,2026-06-20,West,13.63,High,2.81,15,99.4,121.6,False
ORD01732,2026-06-22,East,3.32,Medium,1.0,15,39.5,52.21,True
ORD01733,2026-07-20,East,12.51,Low,2.33,8,56.8,132.72,True
ORD01734,2026-07-18,North,8.01,Medium,9.69,20,61.5,137.34,True
ORD01735,2026-07-23,Central,3.36,High,4.63,20,21.8,80.22,True
ORD01736,2026-07-29,East,6.12,Medium,5.06,12,65.2,84.26,False
ORD01737,2026-06-09,North,8.14,Medium,2.15,19,71.1,79.41,True
ORD01738,2026-07-26,South,14.26,High,5.08,12,131.2,146.79,False
ORD01739,2026-07-21,South,2.54,High,1.35,15,20.3,41.46,True
ORD01740,2026-07-02,Central,7.83,High,2.78,8,47.5,98.1,True
ORD01741,2026-06-17,West,12.01,Low,4.48,14,74.6,141.92,False
ORD01742,2026-07-12,West,7.38,Medium,4.39,14,42.5,98.67,True
ORD01743,2026-06-19,North,5.77,Medium,0.63,20,40.8,54.51,True
ORD01744,2026-07-10,South,15.03,High,8.33,16,98.2,156.56,False
ORD01745,2026-06-27,East,5.16,Medium,1.13,9,19.4,78.68,True
ORD01746,2026-07-21,North,5.54,Low,12.21,10,49.7,122.98,True
ORD01747,2026-07-07,South,13.41,High,4.57,11,97.8,143.02,False
ORD01748,2026-07-04,West,12.02,Medium,4.3,8,56.4,147.39,True
ORD01749,2026-07-17,North,6.19,Low,1.22,14,45.0,79.52,True
ORD01750,2026-07-19,East,8.65,Medium,1.66,17,48.6,97.01,True
ORD01751,2026-07-29,North,5.92,Low,7.89,10,34.0,111.92,True
ORD01752,2026-06-10,North,12.3,Low,7.22,10,53.1,126.21,True
ORD01753,2026-06-30,South,13.18,Low,2.2,10,66.6,119.6,True
ORD01754,2026-06-21,Central,5.6,Medium,2.06,15,25.2,66.16,True
ORD01755,2026-06-21,Central,5.08,Medium,2.11,16,28.5,79.77,True
ORD01756,2026-07-24,Central,9.28,Medium,5.43,17,63.0,102.12,True
ORD01757,2026-07-04,East,8.0,Medium,5.08,20,56.3,110.09,True
ORD01758,2026-06-09,North,5.45,High,3.33,9,40.2,76.84,True
ORD01759,2026-07-04,East,9.35,Low,2.8,17,58.3,98.25,True
ORD01760,2026-07-20,East,14.26,Low,2.18,17,54.1,142.78,True
ORD01761,2026-06-12,Central,0.96,High,11.58,8,31.3,68.86,True
ORD01762,2026-07-17,North,7.92,Low,0.71,16,38.4,78.57,True
ORD01763,2026-06-21,East,9.25,High,1.84,13,84.8,133.0,False
ORD01764,2026-07-27,North,8.84,High,3.16,16,65.0,122.93,True
ORD01765,2026-06-20,South,7.05,Medium,0.57,13,54.9,56.47,True
ORD01766,2026-06-06,West,14.37,High,1.57,9,93.0,123.88,False
ORD01767,2026-07-20,East,14.96,Low,9.61,8,72.0,168.36,False
ORD01768,2026-07-15,South,10.59,Low,4.84,15,62.9,102.22,True
ORD01769,2026-07-06,South,7.29,Medium,1.56,10,45.2,108.14,True
ORD01770,2026-06-12,East,3.35,Medium,1.52,8,36.2,58.53,True
ORD01771,2026-07-11,Central,4.77,High,0.71,15,42.9,61.78,True
ORD01772,2026-07-01,Central,7.31,Low,1.75,19,52.6,89.45,True
ORD01773,2026-06-02,Central,5.43,Medium,3.77,8,47.9,85.48,True
ORD01774,2026-06-16,Central,3.99,Medium,3.32,15,26.1,59.64,True
ORD01775,2026-06-01,South,8.23,Medium,1.82,8,56.3,106.94,True
ORD01776,2026-06-04,West,7.72,Low,1.11,16,39.2,86.81,True
ORD01777,2026-07-17,East,10.5,Medium,2.16,16,53.4,123.05,True
ORD01778,2026-07-22,South,12.74,High,2.12,19,120.6,114.81,False
ORD01779,2026-06-01,Central,0.5,Low,4.42,20,18.1,30.26,True
ORD01780,2026-07-22,North,13.77,High,2.97,16,96.2,149.22,False
ORD01781,2026-07-17,Central,5.72,Medium,2.68,10,20.1,87.34,True
ORD01782,2026-07-05,East,12.2,High,5.76,11,93.5,147.5,False
ORD01783,2026-06-13,West,6.97,Medium,7.17,12,84.2,120.2,False
ORD01784,2026-07-20,West,6.9,Low,3.29,13,49.5,88.92,True
ORD01785,2026-07-15,Central,3.55,Medium,3.35,16,31.4,62.76,True
ORD01786,2026-07-12,West,12.51,High,2.28,20,81.9,119.78,False
ORD01787,2026-07-01,West,16.39,Medium,1.2,18,116.2,148.19,False
ORD01788,2026-06-20,North,11.12,High,4.67,19,102.4,125.21,False
ORD01789,2026-07-26,East,7.27,Medium,4.05,11,54.9,72.33,True
ORD01790,2026-06-07,North,5.92,Low,2.43,13,58.0,77.27,True
ORD01791,2026-07-27,West,14.69,Medium,2.98,20,86.1,154.97,False
ORD01792,2026-07-10,East,5.11,High,5.5,8,47.4,86.27,True
ORD01793,2026-07-03,West,15.89,Low,6.14,9,63.7,185.74,True
ORD01794,2026-06-28,North,8.15,High,0.15,15,56.2,72.05,True
ORD01795,2026-07-20,North,13.77,High,1.47,11,90.2,129.87,False
ORD01796,2026-07-14,West,13.04,Medium,2.42,17,61.3,113.08,True
ORD01797,2026-07-20,North,8.59,Low,0.96,14,52.2,79.59,True
ORD01798,2026-07-30,North,7.44,Medium,3.04,11,53.9,80.98,True
ORD01799,2026-07-26,North,7.98,Low,1.54,16,33.8,114.84,True
ORD01800,2026-07-14,Central,5.28,High,3.12,16,32.9,74.43,True
ORD01801,2026-06-20,West,11.23,Medium,1.58,11,69.2,101.21,False
ORD01802,2026-07-02,South,8.22,Medium,1.64,20,37.8,90.28,True
ORD01803,2026-06-09,South,9.5,High,3.1,15,70.8,102.12,False
ORD01804,2026-07-04,South,10.24,Medium,4.81,13,76.6,126.47,False
ORD01805,2026-06-14,West,4.61,Medium,3.89,8,44.9,51.86,True
ORD01806,2026-06-04,West,12.37,Medium,2.44,14,75.7,109.23,False
ORD01807,2026-06-29,North,6.06,Medium,0.39,8,34.1,81.19,True
ORD01808,2026-06-15,North,5.54,Medium,1.6,10,46.9,66.87,True
ORD01809,2026-06-17,North,3.94,High,1.46,15,35.7,52.67,True
ORD01810,2026-06-19,West,5.62,Medium,4.23,16,43.2,74.69,True
ORD01811,2026-07-08,West,6.93,Medium,2.82,10,47.3,95.6,True
ORD01812,2026-06-09,South,7.87,Medium,2.9,8,68.9,101.51,True
ORD01813,2026-06-27,North,14.86,Low,1.25,8,63.0,143.33,True
ORD01814,2026-07-19,North,7.42,Low,6.31,14,32.3,90.79,True
ORD01815,2026-06-15,Central,4.53,High,2.88,12,47.0,56.9,True
ORD01816,2026-07-07,South,11.2,Medium,1.19,20,68.8,121.46,True
ORD01817,2026-06-28,West,11.39,Medium,1.27,8,61.5,111.85,True
ORD01818,2026-07-20,West,10.77,Medium,3.2,13,81.4,106.16,False
ORD01819,2026-07-25,South,6.41,Low,1.15,13,41.5,74.64,True
ORD01820,2026-06-04,North,13.35,Medium,1.47,11,49.6,108.16,True
ORD01821,2026-06-21,North,14.42,Medium,0.92,14,69.8,121.25,False
ORD01822,2026-07-26,West,5.95,Medium,4.2,14,43.8,88.24,True
ORD01823,2026-07-04,West,7.93,Medium,1.17,19,48.3,90.7,True
ORD01824,2026-06-19,West,10.16,Low,7.01,16,45.8,124.44,True
ORD01825,2026-07-29,East,5.11,Low,3.5,19,39.0,75.62,True
ORD01826,2026-07-07,North,10.52,High,0.91,8,70.6,110.99,False
ORD01827,2026-07-28,Central,1.82,Medium,3.86,12,33.0,56.79,True
ORD01828,2026-06-04,Central,10.5,Medium,6.31,17,63.4,119.36,True
ORD01829,2026-07-07,South,13.57,Low,2.36,10,63.9,118.98,True
ORD01830,2026-07-21,Central,4.64,Low,6.82,14,31.7,67.58,True
ORD01831,2026-07-02,West,14.08,Medium,3.54,11,79.2,144.19,False
ORD01832,2026-07-15,East,11.32,Medium,1.54,11,75.5,127.6,False
ORD01833,2026-07-18,West,9.31,Medium,9.71,20,66.7,121.37,True
ORD01834,2026-06-12,Central,1.55,Low,0.69,19,20.8,27.74,True
ORD01835,2026-07-11,West,11.23,Medium,1.93,8,56.3,103.66,True
ORD01836,2026-07-26,North,11.58,Low,2.44,8,55.5,119.04,True
ORD01837,2026-06-16,South,10.42,Low,8.64,17,56.1,127.94,True
ORD01838,2026-06-14,Central,0.5,Medium,4.27,9,26.3,44.91,True
ORD01839,2026-07-24,South,7.59,Low,3.78,9,28.9,94.23,True
ORD01840,2026-06-01,South,9.78,Low,1.34,8,46.3,100.4,True
ORD01841,2026-07-22,East,7.77,Medium,2.29,15,53.2,94.56,True
ORD01842,2026-07-25,East,13.92,Medium,1.57,13,98.8,123.52,False
ORD01843,2026-07-28,West,6.84,High,3.69,13,68.5,86.22,True
ORD01844,2026-07-02,Central,5.52,Medium,5.65,17,41.4,66.53,True
ORD01845,2026-06-21,South,14.47,Low,11.17,17,64.8,182.18,True
ORD01846,2026-06-04,North,15.81,Low,1.72,16,70.5,143.05,True
ORD01847,2026-06-09,North,7.79,High,0.67,12,78.4,101.56,False
ORD01848,2026-07-26,Central,5.47,Medium,1.95,11,28.6,79.91,True
ORD01849,2026-07-21,West,12.71,Medium,5.13,18,100.8,133.27,False
ORD01850,2026-07-16,South,10.59,Low,1.2,13,58.5,86.02,True
ORD01851,2026-06-22,Central,3.7,Medium,2.51,15,30.2,45.01,True
ORD01852,2026-06-12,Central,5.31,Low,3.81,8,51.0,93.08,True
ORD01853,2026-06-30,Central,0.5,Medium,1.75,14,31.8,47.34,True
ORD01854,2026-06-30,Central,6.05,High,2.98,15,39.6,99.4,True
ORD01855,2026-07-02,South,10.38,High,1.1,16,62.4,113.26,True
ORD01856,2026-07-30,West,10.33,Medium,5.92,18,73.3,117.57,True
ORD01857,2026-07-06,East,14.14,Medium,2.07,15,88.8,103.01,False
ORD01858,2026-06-07,Central,1.98,High,2.91,14,24.1,62.32,True
ORD01859,2026-06-17,West,9.79,Medium,0.41,10,44.4,83.17,True
ORD01860,2026-06-01,West,16.97,Low,0.96,9,80.2,142.16,False
ORD01861,2026-06-14,West,8.5,Medium,5.01,10,60.6,111.26,True
ORD01862,2026-07-17,North,7.35,Low,1.73,11,58.4,77.47,True
ORD01863,2026-07-14,East,7.56,Medium,1.15,11,52.4,74.06,True
ORD01864,2026-07-14,Central,6.52,Medium,0.62,13,53.4,71.31,True
ORD01865,2026-07-08,Central,4.62,Medium,5.84,19,50.4,60.03,True
ORD01866,2026-06-26,North,5.12,Medium,4.14,14,37.2,68.28,True
ORD01867,2026-06-27,North,7.4,Low,3.95,19,63.0,82.14,False
ORD01868,2026-07-15,North,7.18,Medium,7.44,11,63.9,105.07,True
ORD01869,2026-06-16,West,10.77,High,1.93,17,63.0,96.73,False
ORD01870,2026-07-16,Central,5.28,Medium,0.68,13,54.0,60.97,True
ORD01871,2026-06-07,North,10.25,Low,2.62,16,42.1,102.32,True
ORD01872,2026-07-02,East,2.67,High,8.39,13,63.9,108.14,True
ORD01873,2026-06-25,Central,7.19,High,2.66,10,69.2,97.15,False
ORD01874,2026-07-01,West,11.76,Low,5.55,8,49.6,128.29,True
ORD01875,2026-06-16,East,12.15,Low,0.71,18,72.1,117.37,False
ORD01876,2026-07-25,East,9.33,Medium,1.32,17,63.2,107.25,True
ORD01877,2026-07-11,East,11.3,High,4.81,17,76.8,127.13,False
ORD01878,2026-07-28,South,11.4,High,2.87,20,69.2,103.74,False
ORD01879,2026-06-14,East,12.04,High,2.32,12,110.1,116.35,False
ORD01880,2026-06-25,West,12.57,Medium,5.5,17,72.1,123.07,False
ORD01881,2026-06-30,Central,3.71,Medium,4.76,17,28.3,70.13,True
ORD01882,2026-07-26,West,17.82,Low,2.93,10,85.1,156.21,False
ORD01883,2026-06-07,West,13.67,Low,0.15,15,48.6,132.1,True
ORD01884,2026-06-12,North,10.72,Medium,2.54,17,61.5,100.83,True
ORD01885,2026-06-03,East,4.17,Medium,3.47,8,37.6,61.2,True
ORD01886,2026-06-27,North,5.14,Medium,0.43,18,47.9,56.58,True
ORD01887,2026-07-16,South,10.88,Medium,3.38,9,73.0,107.6,False
ORD01888,2026-06-19,West,11.44,Low,5.67,10,55.9,124.33,True
ORD01889,2026-07-13,Central,2.16,Medium,2.53,10,8.0,58.6,True
ORD01890,2026-07-07,North,9.42,Low,1.03,19,55.3,86.15,True
ORD01891,2026-07-25,South,14.77,Medium,0.18,15,82.4,128.11,False
ORD01892,2026-07-15,Central,6.09,High,3.43,12,64.0,85.49,False
ORD01893,2026-07-30,North,5.58,Medium,0.49,15,37.6,74.95,True
ORD01894,2026-07-12,East,7.67,High,3.93,18,81.9,93.8,False
ORD01895,2026-06-07,West,8.59,Low,8.13,18,67.7,129.93,False
ORD01896,2026-07-19,West,9.84,Medium,1.38,13,59.5,104.16,True
ORD01897,2026-06-16,North,7.76,Low,2.12,19,51.9,93.23,True
ORD01898,2026-07-02,South,8.57,Medium,8.43,9,58.4,114.48,True
ORD01899,2026-06-08,Central,0.5,High,2.77,18,22.5,48.18,True
ORD01900,2026-07-19,East,7.62,Medium,1.75,11,32.9,91.09,True
ORD01901,2026-06-13,North,7.32,High,5.13,16,71.0,91.94,True
ORD01902,2026-06-11,West,2.21,Low,1.83,11,24.1,66.39,True
ORD01903,2026-06-20,North,15.16,High,1.3,12,135.3,165.48,False
ORD01904,2026-06-18,West,14.27,Low,3.89,12,97.3,131.18,False
ORD01905,2026-07-07,North,7.87,High,5.41,17,67.2,98.24,False
ORD01906,2026-06-06,Central,4.06,Low,1.29,15,17.1,56.44,True
ORD01907,2026-06-20,South,6.49,Low,2.95,13,46.6,68.83,True
ORD01908,2026-07-02,South,15.09,Medium,2.19,17,85.6,126.75,False
ORD01909,2026-07-16,North,14.69,High,2.48,14,98.1,146.2,False
ORD01910,2026-07-14,South,10.47,Low,1.04,13,76.7,101.44,False
ORD01911,2026-06-29,Central,7.07,Medium,4.1,12,53.8,116.21,True
ORD01912,2026-06-04,Central,4.53,High,6.99,12,67.1,85.31,True
ORD01913,2026-06-07,South,5.99,Medium,1.26,10,48.0,79.22,True
ORD01914,2026-07-13,East,6.76,Low,4.1,14,41.9,80.34,True
ORD01915,2026-06-20,West,11.4,Medium,5.05,20,70.6,123.96,False
ORD01916,2026-07-04,Central,2.64,Medium,2.93,17,21.4,60.5,True
ORD01917,2026-07-06,East,7.34,High,3.97,12,72.8,69.16,True
ORD01918,2026-06-07,South,9.73,High,1.4,14,74.1,89.2,True
ORD01919,2026-07-03,South,9.76,Medium,6.73,9,61.8,129.32,True
ORD01920,2026-06-15,West,11.16,High,5.44,16,82.2,132.36,False
ORD01921,2026-07-22,North,5.82,Medium,5.87,15,53.6,77.49,True
ORD01922,2026-07-02,West,8.85,Low,0.88,12,40.4,86.88,True
ORD01923,2026-06-22,South,6.15,Low,3.62,9,41.6,56.72,True
ORD01924,2026-07-26,Central,6.93,Medium,1.49,13,71.2,81.28,False
ORD01925,2026-07-10,North,2.68,Low,7.12,15,28.4,92.47,True
ORD01926,2026-06-29,East,11.46,High,1.29,14,68.8,125.56,False
ORD01927,2026-06-25,East,12.16,High,3.02,15,81.4,136.93,False
ORD01928,2026-06-05,West,10.09,Low,0.3,11,35.5,103.19,True
ORD01929,2026-06-14,North,1.19,Medium,3.01,10,25.1,64.28,True
ORD01930,2026-07-20,East,6.92,Medium,0.89,14,44.2,76.42,True
ORD01931,2026-07-05,East,7.81,High,3.76,9,64.2,90.28,True
ORD01932,2026-06-02,East,4.97,High,2.24,12,54.3,85.39,True
ORD01933,2026-06-25,West,9.45,Medium,1.87,20,58.0,102.77,True
ORD01934,2026-07-24,West,15.59,High,7.24,14,111.4,140.2,False
ORD01935,2026-06-16,Central,5.99,Medium,10.15,8,41.5,126.2,True
ORD01936,2026-07-16,South,7.23,Medium,0.65,11,48.5,77.06,True
ORD01937,2026-06-16,Central,0.5,Low,1.92,9,30.3,33.31,True
ORD01938,2026-06-11,East,7.02,Low,4.56,13,43.8,106.52,True
ORD01939,2026-07-30,North,8.36,Medium,3.32,19,69.8,108.41,True
ORD01940,2026-07-19,North,10.49,Low,4.39,8,63.8,105.13,True
ORD01941,2026-07-05,South,8.39,Low,2.37,14,35.2,92.63,True
ORD01942,2026-06-23,Central,5.53,Medium,5.6,10,50.6,78.59,True
ORD01943,2026-07-25,West,16.81,Low,2.92,19,91.7,140.92,False
ORD01944,2026-06-05,Central,6.45,Medium,3.47,8,53.7,50.56,True
ORD01945,2026-07-05,East,7.86,Medium,0.89,15,42.1,72.63,True
ORD01946,2026-06-29,East,7.45,High,2.7,14,58.4,87.71,True
ORD01947,2026-07-17,North,7.93,Medium,4.6,9,40.9,66.87,True
ORD01948,2026-07-25,South,13.54,Low,3.19,14,65.3,114.96,False
ORD01949,2026-06-05,East,6.12,Medium,2.8,10,47.1,88.81,True
ORD01950,2026-07-24,North,9.14,High,3.62,20,73.0,87.64,False
ORD01951,2026-06-03,South,10.15,High,2.91,16,77.4,106.33,False
ORD01952,2026-06-06,East,6.49,Medium,2.43,15,44.0,62.58,True
ORD01953,2026-06-23,West,6.88,Low,4.7,12,39.2,99.39,True
ORD01954,2026-07-16,Central,4.97,High,2.3,14,52.5,68.05,True
ORD01955,2026-07-26,Central,3.82,Low,0.84,10,27.8,47.33,True
ORD01956,2026-06-02,West,12.5,Medium,7.02,8,77.9,109.0,False
ORD01957,2026-06-18,East,6.4,Medium,1.53,8,41.8,67.29,True
ORD01958,2026-06-30,West,14.66,Low,0.62,18,97.0,135.89,False
ORD01959,2026-07-08,Central,1.37,Low,3.95,9,19.2,74.09,True
ORD01960,2026-07-26,North,14.14,Low,7.63,15,63.8,151.3,True
ORD01961,2026-06-05,South,4.76,Medium,4.02,8,26.7,76.6,True
ORD01962,2026-07-16,Central,5.3,High,6.36,18,63.3,83.06,True
ORD01963,2026-07-19,South,11.43,Low,1.16,19,82.3,123.89,False
ORD01964,2026-06-11,East,5.61,High,0.85,12,59.7,67.17,True
ORD01965,2026-06-01,East,9.27,Low,1.92,16,48.6,109.06,True
ORD01966,2026-06-10,North,12.84,Medium,5.32,19,103.4,138.77,False
ORD01967,2026-07-11,South,3.35,Low,3.77,16,31.2,69.08,True
ORD01968,2026-07-22,South,11.51,High,3.97,9,91.6,109.23,False
ORD01969,2026-07-14,North,1.52,High,2.79,14,37.1,72.99,True
ORD01970,2026-06-26,North,6.1,Medium,1.95,18,47.9,95.45,True
ORD01971,2026-07-03,Central,8.89,High,2.89,8,55.1,127.2,True
ORD01972,2026-06-27,South,8.25,Medium,2.24,10,57.3,79.87,True
ORD01973,2026-07-26,East,4.48,High,1.84,13,53.7,70.01,True
ORD01974,2026-07-20,South,9.41,Medium,3.39,16,49.5,95.86,True
ORD01975,2026-06-12,Central,10.2,High,2.08,17,67.4,110.38,True
ORD01976,2026-06-02,South,4.5,Medium,3.11,9,31.7,75.85,True
ORD01977,2026-06-01,East,4.85,Low,0.34,14,32.1,57.96,True
ORD01978,2026-06-01,Central,8.49,Medium,2.92,11,61.5,94.72,True
ORD01979,2026-07-27,Central,9.57,Low,2.06,9,56.3,125.97,True
ORD01980,2026-07-03,North,8.69,Medium,6.59,10,64.7,112.54,True
ORD01981,2026-06-22,Central,0.5,Medium,0.59,13,16.2,15.0,True
ORD01982,2026-06-12,East,14.29,Medium,2.76,17,95.2,128.03,False
ORD01983,2026-07-09,East,12.78,Low,4.63,16,61.3,119.39,True
ORD01984,2026-07-06,North,11.04,Low,2.31,15,49.7,100.4,True
ORD01985,2026-06-21,North,6.56,Medium,2.01,17,33.6,89.61,True
ORD01986,2026-06-20,West,10.85,High,4.62,18,100.0,130.64,False
ORD01987,2026-07-06,East,7.52,Medium,3.7,16,53.9,84.3,True
ORD01988,2026-06-26,East,8.99,Medium,3.9,11,44.0,98.22,True
ORD01989,2026-07-17,West,15.35,Medium,1.84,19,98.8,129.14,False
ORD01990,2026-07-01,West,13.64,Medium,1.66,11,69.8,143.84,True
ORD01991,2026-06-01,North,5.77,Low,3.11,16,30.7,91.6,True
ORD01992,2026-07-08,West,15.13,Medium,4.89,15,76.5,157.0,False
ORD01993,2026-06-14,North,9.94,Low,0.74,19,69.3,85.33,False
ORD01994,2026-06-26,West,13.06,High,2.38,9,75.5,104.38,False
ORD01995,2026-07-16,West,15.4,Low,1.72,15,67.6,152.09,True
ORD01996,2026-07-12,Central,0.67,Medium,2.6,8,24.8,68.27,True
ORD01997,2026-06-07,North,8.89,Low,4.33,16,44.3,84.91,True
ORD01998,2026-07-25,North,7.41,Low,1.26,16,38.3,110.33,True
ORD01999,2026-07-26,South,5.3,High,4.0,20,47.9,79.95,True
